748258,832651,561242,557857,105014,194645,627852,206727,136631,812746,158136,871762,769064,656253,586460,614439,826353,214726,558657,245333,555954,284646,197651,872562,904044,239944,181232,207426,479762,115825,183034,561949,792564,360030,317332,134324,572045,562446,389357,911849,969476,148840,196144,844961,397154,162935,153732,638049,137532,744553
158136,871762,769064,656253,586460,614439,826353,214726,558657,245333,555954,284646,197651,872562,904044,239944,181232,207426,479762,115825,183034,561949,792564,360030,317332,134324,572045,562446,389357,911849,969476,148840,196144,844961,397154,162935,153732,638049,137532,744553,169949,818859,923755,152831,692964,176239,146331,172635,687163,182840
555954,284646,197651,872562,904044,239944,181232,207426,479762,115825,183034,561949,792564,360030,317332,134324,572045,562446,389357,911849,969476,148840,196144,844961,397154,162935,153732,638049,137532,744553,169949,818859,923755,152831,692964,176239,146331,172635,687163,182840,644044,163836,154532,833249,211215,103111,896778,155635,298455,173839
183034,561949,792564,360030,317332,134324,572045,562446,389357,911849,969476,148840,196144,844961,397154,162935,153732,638049,137532,744553,169949,818859,923755,152831,692964,176239,146331,172635,687163,182840,644044,163836,154532,833249,211215,103111,896778,155635,298455,173839,305830,333330,382242,109123,119833,125222,204420,163331,129331,825654
969476,148840,196144,844961,397154,162935,153732,638049,137532,744553,169949,818859,923755,152831,692964,176239,146331,172635,687163,182840,644044,163836,154532,833249,211215,103111,896778,155635,298455,173839,305830,333330,382242,109123,119833,125222,204420,163331,129331,825654,815247,122620,206222,162026,192136,192035,104820,299154,635245,116221
169949,818859,923755,152831,692964,176239,146331,172635,687163,182840,644044,163836,154532,833249,211215,103111,896778,155635,298455,173839,305830,333330,382242,109123,119833,125222,204420,163331,129331,825654,815247,122620,206222,162026,192136,192035,104820,299154,635245,116221,131924,162733,100610,180937,355239,150524,971160,196952,587664,198350
644044,163836,154532,833249,211215,103111,896778,155635,298455,173839,305830,333330,382242,109123,119833,125222,204420,163331,129331,825654,815247,122620,206222,162026,192136,192035,104820,299154,635245,116221,131924,162733,100610,180937,355239,150524,971160,196952,587664,198350,143426,481951,135932,559457,176845,680250,495255,339847,673455,208226
305830,333330,382242,109123,119833,125222,204420,163331,129331,825654,815247,122620,206222,162026,192136,192035,104820,299154,635245,116221,131924,162733,100610,180937,355239,150524,971160,196952,587664,198350,143426,481951,135932,559457,176845,680250,495255,339847,673455,208226,189349,947668,449753,873968,127327,136833,154431,680957,871964,869472
815247,122620,206222,162026,192136,192035,104820,299154,635245,116221,131924,162733,100610,180937,355239,150524,971160,196952,587664,198350,143426,481951,135932,559457,176845,680250,495255,339847,673455,208226,189349,947668,449753,873968,127327,136833,154431,680957,871964,869472,599065,461743,346945,213421,153227,104416,856766,424939,256540,926862
131924,162733,100610,180937,355239,150524,971160,196952,587664,198350,143426,481951,135932,559457,176845,680250,495255,339847,673455,208226,189349,947668,449753,873968,127327,136833,154431,680957,871964,869472,599065,461743,346945,213421,153227,104416,856766,424939,256540,926862,298051,510326,193441,210112,381038,386250,189652,623844,219231,524135
143426,481951,135932,559457,176845,680250,495255,339847,673455,208226,189349,947668,449753,873968,127327,136833,154431,680957,871964,869472,599065,461743,346945,213421,153227,104416,856766,424939,256540,926862,298051,510326,193441,210112,381038,386250,189652,623844,219231,524135,962058,120414,146735,647858,129937,898176,583858,148335,933253,519950
189349,947668,449753,873968,127327,136833,154431,680957,871964,869472,599065,461743,346945,213421,153227,104416,856766,424939,256540,926862,298051,510326,193441,210112,381038,386250,189652,623844,219231,524135,962058,120414,146735,647858,129937,898176,583858,148335,933253,519950,978578,800941,257946,202719,199958,512835,220721,654754,248339,200008
599065,461743,346945,213421,153227,104416,856766,424939,256540,926862,298051,510326,193441,210112,381038,386250,189652,623844,219231,524135,962058,120414,146735,647858,129937,898176,583858,148335,933253,519950,978578,800941,257946,202719,199958,512835,220721,654754,248339,200008,178647,325129,107321,237334,761957,154936,164636,290136,144832,429040
298051,510326,193441,210112,381038,386250,189652,623844,219231,524135,962058,120414,146735,647858,129937,898176,583858,148335,933253,519950,978578,800941,257946,202719,199958,512835,220721,654754,248339,200008,178647,325129,107321,237334,761957,154936,164636,290136,144832,429040,236130,308331,140925,130316,112819,521331,173637,131722,176744,927359
962058,120414,146735,647858,129937,898176,583858,148335,933253,519950,978578,800941,257946,202719,199958,512835,220721,654754,248339,200008,178647,325129,107321,237334,761957,154936,164636,290136,144832,429040,236130,308331,140925,130316,112819,521331,173637,131722,176744,927359,172433,173334,205220,970764,877269,486759,180735,180230,106824,163129
978578,800941,257946,202719,199958,512835,220721,654754,248339,200008,178647,325129,107321,237334,761957,154936,164636,290136,144832,429040,236130,308331,140925,130316,112819,521331,173637,131722,176744,927359,172433,173334,205220,970764,877269,486759,180735,180230,106824,163129,141826,140420,124826,217429,103414,156637,210415,161731,878776,334635
178647,325129,107321,237334,761957,154936,164636,290136,144832,429040,236130,308331,140925,130316,112819,521331,173637,131722,176744,927359,172433,173334,205220,970764,877269,486759,180735,180230,106824,163129,141826,140420,124826,217429,103414,156637,210415,161731,878776,334635,713239,588565,151627,485757,168947,518746,541640,677766,448347,214524
236130,308331,140925,130316,112819,521331,173637,131722,176744,927359,172433,173334,205220,970764,877269,486759,180735,180230,106824,163129,141826,140420,124826,217429,103414,156637,210415,161731,878776,334635,713239,588565,151627,485757,168947,518746,541640,677766,448347,214524,134223,118932,397760,810439,163432,529953,285446,728454,729557,114318
172433,173334,205220,970764,877269,486759,180735,180230,106824,163129,141826,140420,124826,217429,103414,156637,210415,161731,878776,334635,713239,588565,151627,485757,168947,518746,541640,677766,448347,214524,134223,118932,397760,810439,163432,529953,285446,728454,729557,114318,255740,154835,181636,101309,581450,105216,506234,168139,888678,381543
141826,140420,124826,217429,103414,156637,210415,161731,878776,334635,713239,588565,151627,485757,168947,518746,541640,677766,448347,214524,134223,118932,397760,810439,163432,529953,285446,728454,729557,114318,255740,154835,181636,101309,581450,105216,506234,168139,888678,381543,314225,880157,569965,179952,144731,146533,412528,481042,205826,989987
713239,588565,151627,485757,168947,518746,541640,677766,448347,214524,134223,118932,397760,810439,163432,529953,285446,728454,729557,114318,255740,154835,181636,101309,581450,105216,506234,168139,888678,381543,314225,880157,569965,179952,144731,146533,412528,481042,205826,989987,191033,825048,134829,130821,129634,957974,120212,204016,644246,206323
134223,118932,397760,810439,163432,529953,285446,728454,729557,114318,255740,154835,181636,101309,581450,105216,506234,168139,888678,381543,314225,880157,569965,179952,144731,146533,412528,481042,205826,989987,191033,825048,134829,130821,129634,957974,120212,204016,644246,206323,201111,695768,679770,585862,664757,867468,137936,942658,120111,421226
255740,154835,181636,101309,581450,105216,506234,168139,888678,381543,314225,880157,569965,179952,144731,146533,412528,481042,205826,989987,191033,825048,134829,130821,129634,957974,120212,204016,644246,206323,201111,695768,679770,585862,664757,867468,137936,942658,120111,421226,368551,106016,182436,151223,101410,150019,727553,749361,156334,907656
314225,880157,569965,179952,144731,146533,412528,481042,205826,989987,191033,825048,134829,130821,129634,957974,120212,204016,644246,206323,201111,695768,679770,585862,664757,867468,137936,942658,120111,421226,368551,106016,182436,151223,101410,150019,727553,749361,156334,907656,917558,510225,211114,146937,530635,111716,167440,117021,886674,238033
191033,825048,134829,130821,129634,957974,120212,204016,644246,206323,201111,695768,679770,585862,664757,867468,137936,942658,120111,421226,368551,106016,182436,151223,101410,150019,727553,749361,156334,907656,917558,510225,211114,146937,530635,111716,167440,117021,886674,238033,127933,175338,102816,634748,187143,118225,178849,124624,122418,128632
201111,695768,679770,585862,664757,867468,137936,942658,120111,421226,368551,106016,182436,151223,101410,150019,727553,749361,156334,907656,917558,510225,211114,146937,530635,111716,167440,117021,886674,238033,127933,175338,102816,634748,187143,118225,178849,124624,122418,128632,753150,118730,108222,188751,548250,135629,475855,129129,773257,555651
368551,106016,182436,151223,101410,150019,727553,749361,156334,907656,917558,510225,211114,146937,530635,111716,167440,117021,886674,238033,127933,175338,102816,634748,187143,118225,178849,124624,122418,128632,753150,118730,108222,188751,548250,135629,475855,129129,773257,555651,943862,352738,617748,177140,316633,307127,885975,170631,395251,161327
917558,510225,211114,146937,530635,111716,167440,117021,886674,238033,127933,175338,102816,634748,187143,118225,178849,124624,122418,128632,753150,118730,108222,188751,548250,135629,475855,129129,773257,555651,943862,352738,617748,177140,316633,307127,885975,170631,395251,161327,667056,138231,615744,192237,620434,878877,250932,994273,102008,818455
127933,175338,102816,634748,187143,118225,178849,124624,122418,128632,753150,118730,108222,188751,548250,135629,475855,129129,773257,555651,943862,352738,617748,177140,316633,307127,885975,170631,395251,161327,667056,138231,615744,192237,620434,878877,250932,994273,102008,818455,179245,905147,159744,189450,385046,113922,757764,293748,453441,117122
753150,118730,108222,188751,548250,135629,475855,129129,773257,555651,943862,352738,617748,177140,316633,307127,885975,170631,395251,161327,667056,138231,615744,192237,620434,878877,250932,994273,102008,818455,179245,905147,159744,189450,385046,113922,757764,293748,453441,117122,299760,984472,565452,208125,154330,120515,406432,124220,180129,567052
943862,352738,617748,177140,316633,307127,885975,170631,395251,161327,667056,138231,615744,192237,620434,878877,250932,994273,102008,818455,179245,905147,159744,189450,385046,113922,757764,293748,453441,117122,299760,984472,565452,208125,154330,120515,406432,124220,180129,567052,771354,436239,872158,465852,224022,523032,192843,138130,552241,152225
667056,138231,615744,192237,620434,878877,250932,994273,102008,818455,179245,905147,159744,189450,385046,113922,757764,293748,453441,117122,299760,984472,565452,208125,154330,120515,406432,124220,180129,567052,771354,436239,872158,465852,224022,523032,192843,138130,552241,152225,843151,207123,973770,199150,598568,205725,157942,199453,186545,161832
179245,905147,159744,189450,385046,113922,757764,293748,453441,117122,299760,984472,565452,208125,154330,120515,406432,124220,180129,567052,771354,436239,872158,465852,224022,523032,192843,138130,552241,152225,843151,207123,973770,199150,598568,205725,157942,199453,186545,161832,492754,729254,164939,130720,513736,445543,149539,613538,115219,322224
299760,984472,565452,208125,154330,120515,406432,124220,180129,567052,771354,436239,872158,465852,224022,523032,192843,138130,552241,152225,843151,207123,973770,199150,598568,205725,157942,199453,186545,161832,492754,729254,164939,130720,513736,445543,149539,613538,115219,322224,516742,353740,573451,683256,896879,793465,131419,672756,165032,209228
771354,436239,872158,465852,224022,523032,192843,138130,552241,152225,843151,207123,973770,199150,598568,205725,157942,199453,186545,161832,492754,729254,164939,130720,513736,445543,149539,613538,115219,322224,516742,353740,573451,683256,896879,793465,131419,672756,165032,209228,155231,111413,136126,208630,677968,592455,181131,185846,579867,199251
843151,207123,973770,199150,598568,205725,157942,199453,186545,161832,492754,729254,164939,130720,513736,445543,149539,613538,115219,322224,516742,353740,573451,683256,896879,793465,131419,672756,165032,209228,155231,111413,136126,208630,677968,592455,181131,185846,579867,199251,186848,899885,101107,579665,188347,286347,121416,547046,194443,300618
492754,729254,164939,130720,513736,445543,149539,613538,115219,322224,516742,353740,573451,683256,896879,793465,131419,672756,165032,209228,155231,111413,136126,208630,677968,592455,181131,185846,579867,199251,186848,899885,101107,579665,188347,286347,121416,547046,194443,300618,118023,919966,159946,195647,173435,113619,186444,352132,908860,715950
516742,353740,573451,683256,896879,793465,131419,672756,165032,209228,155231,111413,136126,208630,677968,592455,181131,185846,579867,199251,186848,899885,101107,579665,188347,286347,121416,547046,194443,300618,118023,919966,159946,195647,173435,113619,186444,352132,908860,715950,154229,393550,150726,616645,415837,213522,422632,113215,151829,123420
155231,111413,136126,208630,677968,592455,181131,185846,579867,199251,186848,899885,101107,579665,188347,286347,121416,547046,194443,300618,118023,919966,159946,195647,173435,113619,186444,352132,908860,715950,154229,393550,150726,616645,415837,213522,422632,113215,151829,123420,133625,167036,520228,134627,884064,392750,204218,192641,541943,231928
186848,899885,101107,579665,188347,286347,121416,547046,194443,300618,118023,919966,159946,195647,173435,113619,186444,352132,908860,715950,154229,393550,150726,616645,415837,213522,422632,113215,151829,123420,133625,167036,520228,134627,884064,392750,204218,192641,541943,231928,186040,150625,922854,139637,391748,130619,211720,731140,463040,735148
118023,919966,159946,195647,173435,113619,186444,352132,908860,715950,154229,393550,150726,616645,415837,213522,422632,113215,151829,123420,133625,167036,520228,134627,884064,392750,204218,192641,541943,231928,186040,150625,922854,139637,391748,130619,211720,731140,463040,735148,104012,531536,295146,748662,765864,149236,194746,342129,180836,361234
154229,393550,150726,616645,415837,213522,422632,113215,151829,123420,133625,167036,520228,134627,884064,392750,204218,192641,541943,231928,186040,150625,922854,139637,391748,130619,211720,731140,463040,735148,104012,531536,295146,748662,765864,149236,194746,342129,180836,361234,201818,160931,127832,211922,162228,208024,571144,178748,573249,182739
133625,167036,520228,134627,884064,392750,204218,192641,541943,231928,186040,150625,922854,139637,391748,130619,211720,731140,463040,735148,104012,531536,295146,748662,765864,149236,194746,342129,180836,361234,201818,160931,127832,211922,162228,208024,571144,178748,573249,182739,134728,852455,700634,177342,571548,679568,139233,145127,145834,175540
186040,150625,922854,139637,391748,130619,211720,731140,463040,735148,104012,531536,295146,748662,765864,149236,194746,342129,180836,361234,201818,160931,127832,211922,162228,208024,571144,178748,573249,182739,134728,852455,700634,177342,571548,679568,139233,145127,145834,175540,144428,688569,414229,270332,187345,200210,103515,176037,112516,103212
104012,531536,295146,748662,765864,149236,194746,342129,180836,361234,201818,160931,127832,211922,162228,208024,571144,178748,573249,182739,134728,852455,700634,177342,571548,679568,139233,145127,145834,175540,144428,688569,414229,270332,187345,200210,103515,176037,112516,103212,378756,698168,406836,183337,321323,872764,628248,148032,849971,531940
201818,160931,127832,211922,162228,208024,571144,178748,573249,182739,134728,852455,700634,177342,571548,679568,139233,145127,145834,175540,144428,688569,414229,270332,187345,200210,103515,176037,112516,103212,378756,698168,406836,183337,321323,872764,628248,148032,849971,531940,804646,599469,789373,112314,211821,723141,249947,763557,732243,826454
134728,852455,700634,177342,571548,679568,139233,145127,145834,175540,144428,688569,414229,270332,187345,200210,103515,176037,112516,103212,378756,698168,406836,183337,321323,872764,628248,148032,849971,531940,804646,599469,789373,112314,211821,723141,249947,763557,732243,826454,118831,136732,979984,183741,211316,173233,121921,702133,180533,147737
144428,688569,414229,270332,187345,200210,103515,176037,112516,103212,378756,698168,406836,183337,321323,872764,628248,148032,849971,531940,804646,599469,789373,112314,211821,723141,249947,763557,732243,826454,118831,136732,979984,183741,211316,173233,121921,702133,180533,147737,209329,142828,995174,742549,191437,759869,176441,198855,101915,175742
378756,698168,406836,183337,321323,872764,628248,148032,849971,531940,804646,599469,789373,112314,211821,723141,249947,763557,732243,826454,118831,136732,979984,183741,211316,173233,121921,702133,180533,147737,209329,142828,995174,742549,191437,759869,176441,198855,101915,175742,316835,111009,930449,193845,227533,165436,362034,468050,990366,212419
804646,599469,789373,112314,211821,723141,249947,763557,732243,826454,118831,136732,979984,183741,211316,173233,121921,702133,180533,147737,209329,142828,995174,742549,191437,759869,176441,198855,101915,175742,316835,111009,930449,193845,227533,165436,362034,468050,990366,212419,107725,996782,196851,559053,304727,286650,107018,133827,268749,297655
118831,136732,979984,183741,211316,173233,121921,702133,180533,147737,209329,142828,995174,742549,191437,759869,176441,198855,101915,175742,316835,111009,930449,193845,227533,165436,362034,468050,990366,212419,107725,996782,196851,559053,304727,286650,107018,133827,268749,297655,841349,198451,141119,983773,214221,594156,902242,715647,156031,173940
209329,142828,995174,742549,191437,759869,176441,198855,101915,175742,316835,111009,930449,193845,227533,165436,362034,468050,990366,212419,107725,996782,196851,559053,304727,286650,107018,133827,268749,297655,841349,198451,141119,983773,214221,594156,902242,715647,156031,173940,158843,185038,197550,102614,432332,828862,223929,145632,130114,127731
316835,111009,930449,193845,227533,165436,362034,468050,990366,212419,107725,996782,196851,559053,304727,286650,107018,133827,268749,297655,841349,198451,141119,983773,214221,594156,902242,715647,156031,173940,158843,185038,197550,102614,432332,828862,223929,145632,130114,127731,473952,100307,212318,300719,280739,117930,159340,151021,160123,690152
107725,996782,196851,559053,304727,286650,107018,133827,268749,297655,841349,198451,141119,983773,214221,594156,902242,715647,156031,173940,158843,185038,197550,102614,432332,828862,223929,145632,130114,127731,473952,100307,212318,300719,280739,117930,159340,151021,160123,690152,101006,589567,792766,166438,205119,151324,441939,972566,760551,268850
841349,198451,141119,983773,214221,594156,902242,715647,156031,173940,158843,185038,197550,102614,432332,828862,223929,145632,130114,127731,473952,100307,212318,300719,280739,117930,159340,151021,160123,690152,101006,589567,792766,166438,205119,151324,441939,972566,760551,268850,212015,178950,303624,192540,116726,111211,178243,810843,208327,156233
158843,185038,197550,102614,432332,828862,223929,145632,130114,127731,473952,100307,212318,300719,280739,117930,159340,151021,160123,690152,101006,589567,792766,166438,205119,151324,441939,972566,760551,268850,212015,178950,303624,192540,116726,111211,178243,810843,208327,156233,456346,173738,228434,135730,567759,128026,171633,275645,709551,188448
473952,100307,212318,300719,280739,117930,159340,151021,160123,690152,101006,589567,792766,166438,205119,151324,441939,972566,760551,268850,212015,178950,303624,192540,116726,111211,178243,810843,208327,156233,456346,173738,228434,135730,567759,128026,171633,275645,709551,188448,203923,395756,177241,910241,126628,182032,255639,786569,633847,147030
