FCD_KS,SC_correlation
0.14353755507260535,0.9992206201398978
0.15310137843668273,0.9987694282753293
0.1025207758450872,0.9981739700997112
0.13484144054400762,0.9974477728429533
0.11727208229300629,0.9973139200554348
0.13118431525793436,0.9970912626618575
0.12309357898664804,0.9967825013887122
0.12896638869448096,0.9971902540700576
0.12513969343516923,0.9968524491824824
0.12004503501744868,0.9963351780573808
0.08472765185305003,0.9972327142952973
0.06730147036449217,0.9969360311421721
0.08405827646568001,0.9970873577069744
0.1222012065925372,0.996918820952361
0.07135404538415095,0.9968266475382744
0.10434728853000384,0.9968969653344576
0.07061420268640604,0.9972467992869604
0.11735254314921612,0.9973694377013171
0.10873797851707952,0.9968499677036899
0.08162126062815202,0.996597624229971
0.12936753987408772,0.9966351303968484
0.096388198006736,0.9968024237193664
0.10560122228752906,0.9967358745634621
0.13804936875703672,0.996724898839164
0.09248123407478824,0.9966625054454493
0.14685547635101043,0.9965683495722213
0.12640477383997192,0.996625484351891
0.13429865007054737,0.99646991802724
0.10002911581142308,0.996265148857252
0.08938272237641395,0.996731196346414
0.08923352386199297,0.997005127067977
0.08721572446000415,0.9962329201985968
0.12256404917977652,0.9968142248908752
0.1631681462132629,0.9971797195433107
0.08719439208331799,0.9967359560615888
0.1315327440771425,0.9974073040136355
0.059485748787241575,0.9971845027758888
0.10570711543666508,0.9968590839506593
0.13506091418522975,0.9966696077736255
0.1695091791679412,0.9969403875221966
0.11723095500822382,0.9969905542150269
0.10032245200615628,0.9971235125958896
0.1423000850412314,0.9969001129900951
0.08416103061644481,0.9970734301962236
0.09341242755079651,0.9971624507534647
0.14046383505524476,0.9963898216598189
0.08570618654939198,0.996652566688724
0.12043702544670667,0.9964741591755165
0.17947953485169035,0.9968026320354045
0.14358252602886273,0.9970704729568717
0.1433886768641406,0.9972160169341792
0.10578904970027368,0.9967551278089578
0.11371143316095536,0.9968696431420091
0.04715794126549679,0.9967974220945394
0.15206269028175715,0.9969890527928528
0.1297273075241471,0.9970266801657498
0.1198568232375565,0.9967486503891712
0.07544082907993714,0.99645443477806
0.07987110888320521,0.9963331518648167
0.11266851696740723,0.9963174462858457
0.0642393454227478,0.9962362592678897
0.11898213173223061,0.9960819245884904
0.18830178586585908,0.996146231609826
0.09925705033447949,0.9960025157812614
0.14141277348122924,0.9964014897826787
0.09705347347786605,0.9970797226122344
0.14398406157561702,0.9971269644273901
0.10220655570200655,0.9975080064217896
0.1259876073625527,0.9975558928614529
0.0792406186389239,0.9970815130445507
0.1254460340517262,0.9992670105015392
0.08836357288481958,0.998578121257215
0.12302054922862316,0.9977673349616819
0.1242763407606946,0.9975759534681296
0.11978699653909412,0.9970484540634589
0.10459040075079716,0.9966908452784113
0.12910578584664073,0.9971296877237834
0.12454181033723412,0.9969518550446994
0.1234072866401987,0.9964975317646751
0.09089059469605368,0.9972142462634733
0.06108811136397487,0.9969168842428316
0.08359293597244084,0.9969013027078771
0.13259904260549676,0.9969948972026861
0.07472231875887848,0.9969445394854333
0.08336097039892505,0.9970056157952115
0.05968901494707744,0.9972958511679569
0.13613944840111275,0.9974240437152221
0.11213277322498448,0.9967956551983593
0.08374239073162684,0.9967082407221814
0.11741179975112229,0.9968258915198688
0.1025371755100472,0.9970788080863128
0.09992476013087699,0.9969711877747855
0.13349045408173887,0.9969527083021997
0.09389942072667812,0.996989823445528
0.14924451035629235,0.9968979881470951
0.14455708893134722,0.9967709755846184
0.14269681599864187,0.9965417604030528
0.10027786541704636,0.9963966089178429
0.07963946361564567,0.9969110883106451
0.09327399131650552,0.997206413028744
0.08721040738113045,0.9966498417022698
0.1326484337839504,0.9971201918075197
0.1677555040574757,0.9973955312546969
0.07866944905773995,0.9967832288890922
0.13042281987754703,0.997352890811513
0.07366492473610793,0.9971304766162584
0.09834276901296116,0.9968605202639756
0.1411396165617398,0.9966337702189488
0.15069709786788335,0.9970573142743678
0.11104757664521152,0.9971371013059273
0.10241930291814742,0.9970823801912739
0.12588350792677167,0.9967205465905382
0.0841725616308698,0.996964764569582
0.08887253904929988,0.9970686147755357
0.12730995847233278,0.9964053579360643
0.07460912263393996,0.9966462184635155
0.13868703385473805,0.9967896356960205
0.1456550977493702,0.9968851549153661
0.1349530992003562,0.9973575969008266
0.11692762526765564,0.997156134417328
0.12369677916345692,0.9966631331400656
0.1123781916486628,0.9966583647243052
0.0506593337956416,0.9966867594708783
0.1357621920458422,0.9968744114008639
0.1264359716401106,0.9969591064100086
0.11961307040485072,0.9969510350634551
0.058759615184424144,0.9966250757556984
0.10609609498993436,0.9964862766073861
0.1258104781687468,0.9967167881111434
0.08391196070486528,0.9964172889275944
0.10641082762254508,0.9962086170406436
0.1605814834329752,0.9962332773475758
0.08272497089219623,0.9961557104915408
0.13862495856041687,0.9964653012629837
0.09052390843733933,0.9970237249511936
0.1244096520996856,0.9973065080531306
0.08432009455431827,0.9975632368062137
0.11624364392868068,0.9975062762672845
0.0725157310262763,0.9970567963202132
0.08086719634594966,0.9991321141025197
0.11686055320041704,0.9984120187453873
0.17992322266228702,0.9982427261539558
0.09366944105009103,0.9976631679464067
0.09524816504725311,0.9969170051791344
0.1436283938417977,0.9971042277862714
0.1626879435236538,0.9972479712098784
0.15275045123101583,0.9968846733766008
0.15517721727794387,0.9976016194367917
0.09629434836155498,0.9972425119655373
0.11442616387173028,0.9967792806735923
0.1458616310299598,0.9967577205619701
0.1217154946404806,0.9966620261976613
0.10605150840082447,0.9967562970525331
0.10180828727600603,0.9971361658458406
0.19287786894041187,0.9972545420267955
0.13368366263454853,0.9964854016187212
0.12788714980549415,0.9962618262638365
0.09772746127100607,0.9964903533051616
0.146283153668384,0.9967447256739641
0.12839874247881575,0.99666877306072
0.13367296441560975,0.996702503755296
0.1297308308896658,0.9968008389076984
0.1668617863783486,0.99691790593849
0.20067546120053875,0.9965136989493181
0.16105252537223555,0.9962725435040942
0.11185538826687248,0.9964104578228643
0.10335056045534692,0.9968650846588578
0.13334727731929538,0.9970166763910675
0.13832047571840622,0.9964149310595379
0.15917559652980529,0.9972058309011923
0.19445050712440523,0.997207178916734
0.11601757198475984,0.9963969108160973
0.107914920331901,0.9970235425301529
0.12507287761269564,0.9971912004941923
0.1121069565649108,0.9966013978139315
0.1921355919173995,0.9968302384472658
0.09805712016117796,0.9970223067460077
0.12005349109469363,0.996870866656248
0.1137451293475528,0.9965935964905848
0.11307069312607403,0.996269877276124
0.1345628384232619,0.9965201516720033
0.10869063729674584,0.996747112434408
0.09673348782757288,0.9960910410622142
0.09985442094288464,0.996107197459692
0.1942685092800643,0.9962018304553028
0.07181688749093132,0.9964043214911853
0.1160123830282686,0.9968495720598473
0.09123812665858429,0.9969521012313955
0.2071091266377644,0.9964819859811219
0.1247758899300612,0.9965543334098568
0.13918165031237836,0.9962684850987404
0.10090611351963392,0.9965165720070749
0.13511997860356212,0.9968253879771181
0.1592416436179839,0.9966075946337416
0.09160263483679613,0.996264504973956
0.19961140481387823,0.9957083434104259
0.186840742277023,0.9959985054073593
0.16843705107118315,0.9960021641920902
0.0960983851775216,0.9960091368569016
0.09837902764720861,0.9962068938471341
0.07928315526991382,0.9961417543584584
0.1440898906635618,0.9967262272759265
0.10816591207921807,0.997320802719126
0.0702625067464442,0.9973557747626797
0.08339927899129249,0.9975462490728184
0.12221203293385843,0.9977103126231441
0.11577074421487404,0.9970135773476573
0.11646433473253652,0.9988622450532264
0.14928422829486726,0.9987574637844968
0.09370121540095101,0.9981855777334515
0.07885842957192708,0.9973629838432858
0.12508812417621312,0.9970553751813449
0.11794760755473628,0.9971491239188061
0.12567934491025828,0.9966664762435072
0.10574023507254128,0.997284646529363
0.06877833706756695,0.9969633760786328
0.09630043417472368,0.9969478334526544
0.13996800143497068,0.9968933494090547
0.08715268824781433,0.9966889939814336
0.07699604261991053,0.996767184151307
0.07422283365070313,0.9972064247277238
0.16078872138666853,0.997278104734514
0.11580706691031276,0.996498088182672
0.09718447861397209,0.9962444655878918
0.11201009604374094,0.9964469005935802
0.12206827962069368,0.9967576792945025
0.10841299609386885,0.9967688417602354
0.12885652375148743,0.9968838642895098
0.10094051437933516,0.9970953775989992
0.15871621372735237,0.997175541056044
0.17166893816973974,0.9967838023997877
0.15115001049002003,0.9963401415486792
0.09281492882000889,0.9965664441034928
0.07334308131126853,0.9969401057642344
0.10736623622884577,0.9970316146985176
0.09959516530189635,0.9964744791265162
0.1398473101506559,0.9971411597483568
0.17469185766243917,0.9971442635633608
0.082572377134639,0.9963423517725173
0.10813106279117816,0.9969247240155008
0.09311511956220579,0.9972231546371149
0.09070039701923274,0.9967206186517
0.16324181658320028,0.9967535755403744
0.1273363516831277,0.9969786502115728
0.09985743181887338,0.9967095367992496
0.09501434169919107,0.9966688544497431
0.11717861701497272,0.9962407240591856
0.09828075777983128,0.9963466508580928
0.0903515197716859,0.996573106580257
0.10971523198959644,0.9960899764425863
0.077561190449117,0.9962417371961058
0.16600861943328263,0.9963440241562835
0.10190969614175462,0.9966538081501009
0.1293178283896778,0.9967246472255709
0.09514284844883832,0.9968418219663374
0.15463173623445114,0.996389502454844
0.11220054996532688,0.996595665102668
0.09975006526233857,0.9963729906327299
0.10904431913363646,0.996614072356241
0.116199890135057,0.9966284264758589
0.13772297698761857,0.9964830722406264
0.06483146301347045,0.9964313823923232
0.14851933767134368,0.9956766085450912
0.1456930219745901,0.9960929199746433
0.11658355260945256,0.9959558869164672
0.08934178727520528,0.9959428116946792
0.12546486804195367,0.9963180588108258
0.06558796162094031,0.9962689424166083
0.13801842720166305,0.9966445579575796
0.0996783167281387,0.9973244958643704
0.09338289534163034,0.9971265882621904
0.06932541964084095,0.9973891806696954
0.11586952657178136,0.9976276698211101
0.08604097033486385,0.9971688019403661
0.1443219202982689,0.9992411063603752
0.08953095997296616,0.9989546413378022
0.09103242617348092,0.9977322351788125
0.12239934785707308,0.9973641277994568
0.12265680978470633,0.9970121519347792
0.11896707735228693,0.996544726283056
0.10266856501330072,0.9974247097857194
0.06575029267956753,0.9975402658279123
0.08451701865622045,0.9968192384300413
0.1253958100777863,0.996855286877588
0.07238543056327405,0.9966126222396995
0.07811077140884974,0.9967389637399977
0.06025307373603266,0.9972039070809608
0.15347094744900328,0.9970339362317987
0.09977818812529729,0.9961436465139395
0.09024870155972986,0.9959594840856272
0.11099101061333784,0.9960876135833628
0.10430846744810642,0.9962783693926851
0.10267433052051318,0.9962878788528247
0.1237776243868143,0.9962977201462944
0.09737531690270544,0.9967025878688832
0.15420598555740445,0.9967599008059111
0.16151498311186843,0.9964145598691356
0.1458698308624398,0.9961513892093085
0.09007150830473268,0.9963541859102301
0.06429424586364896,0.996715659554788
0.09622580288691758,0.9969789236174237
0.09526770371058432,0.996179586655144
0.13755885221563635,0.997502566036055
0.1741345252985652,0.9969515055867472
0.0795372860156021,0.9960982384877377
0.10549065267143176,0.9966645045253149
0.07482289482914081,0.9974478228707283
0.08272638023840372,0.9964389026664935
0.15305032166725657,0.9971600731743786
0.13085875628400245,0.9973457848255876
0.08873250128522765,0.9966331294143299
0.09260935645728803,0.9964801570965216
0.12178147766746795,0.9960052876036961
0.09086689205529122,0.9962495377744701
0.07846868128436281,0.9965840460777794
0.10833593048079526,0.995721872426562
0.06527848200601215,0.9957897478411667
0.1552125149943226,0.9958372333937752
0.12075457677173236,0.9960777894390768
0.1283673524951033,0.9962353492604055
0.10092815056942392,0.9966804892064256
0.14179489848703483,0.9962306262324627
0.10191181016106585,0.9964068761820531
0.08013215823754852,0.9962406593944435
0.1169324298569994,0.9965051477512592
0.10933285073902592,0.9966910599718593
0.12237904045944684,0.9962907316225441
0.05529762028689804,0.9959185253777572
0.13343042874553773,0.9953527001523597
0.1368844159941576,0.9958044405429692
0.10281225426527418,0.9957632011608488
0.08910969357930698,0.9957595799243468
0.1304606800415757,0.9961747095090736
0.061179142316740966,0.9959766126343709
0.13296015554057233,0.9966129099706317
0.09188200569183681,0.9972144420767941
0.09471901960752913,0.9970336056274627
0.06969684642770775,0.9972574610870274
0.1091241393779338,0.997331698714046
0.07563422981632052,0.9969596723189648
0.16372105835494064,0.9990543399442866
0.12861405214260663,0.9982528926270541
0.1351734056370645,0.99793874814749
0.12133990387618251,0.9975908226080515
0.1305839978347317,0.9968321269132233
0.0745458942381763,0.9975949975491673
0.09243696779163456,0.9972579154029108
0.10311186845674988,0.9970538123600707
0.14124403630347707,0.9971276289151764
0.09008400023702641,0.9968667749424435
0.106325177809844,0.9970942950418301
0.10091886169669267,0.9974946188265059
0.1059187736125547,0.9972887748832104
0.12635314051982455,0.9964003891630456
0.09115247684588318,0.9961972636469598
0.15182188426384882,0.9963540979705984
0.12027776932525946,0.9965585059713603
0.11026756758055296,0.9967264670031296
0.15454775201272256,0.9966937136774852
0.10907916842167636,0.9971505520902602
0.1408939418932965,0.9970987662320688
0.12517787390515422,0.9968114978911848
0.134100380683629,0.9965056877932856
0.1109724328678754,0.9967218676860679
0.10374568988297624,0.9970514752227848
0.10253467712358846,0.9972030459712825
0.08975543038710575,0.9964572684911984
0.13287604319646124,0.9971220462011395
0.15696996971507185,0.9970881730175709
0.09572888022639224,0.9963405881219046
0.15851903338068524,0.9969952079726729
0.08375866227420432,0.9973241855069016
0.12597037490210647,0.9969221014795987
0.14042783266576236,0.9970620796929338
0.19158062981760177,0.9972682358489408
0.15170779128223277,0.9969173041920064
0.1225361185003916,0.9966701621420232
0.13618582870357768,0.9963799935187939
0.08880469824776628,0.9965340446765344
0.1112141357424612,0.9966739202487651
0.16289249090731467,0.995862682728875
0.10497015549252645,0.9959021840319161
0.12907157717051326,0.9958704463648879
0.19317761125427008,0.9960709779428419
0.15749283715805337,0.9964032301197309
0.14952734051566055,0.9968850013959578
0.10466522422217701,0.9964701963678787
0.135299157755488,0.996641917577945
0.0584639087256147,0.9965054957012489
0.16396859079793016,0.9965911817425731
0.15227889680222545,0.9968561133054584
0.1306618321821004,0.9964547416270253
0.09713540774147465,0.9962430658895293
0.0800825748755211,0.9956205844473107
0.1223291367914632,0.9960094538310829
0.06452832545647602,0.9960492150874801
0.1304982839608394,0.9961174854002435
0.20917644534058927,0.9965413095153398
0.12567486062687075,0.9963731372476323
0.155390284800041,0.9969126487892298
0.11118319418708753,0.9974603726126541
0.17272248852103528,0.9973535730589683
0.12443630155524558,0.997545473274573
0.14264057027272453,0.9976807272095347
0.09716506807302334,0.9974010524850616
0.10071015033560056,0.9985973901587591
0.1335093521331576,0.9981472941237894
0.15485864097385824,0.9980435376619494
0.14643568336475,0.9971848655614216
0.14421096631502411,0.9976730467625806
0.08616563341303612,0.99773595713822
0.0925166599135494,0.9971268463816608
0.12646928345956057,0.9972526326020182
0.1015760654577252,0.9967656336555336
0.11735427280137986,0.9969388791203413
0.07803280893909861,0.9973895046624942
0.18800127481770584,0.9972571211270392
0.11223802576220807,0.9963943036910261
0.1258173967774018,0.9960602381440019
0.1109986338950966,0.9962760492092242
0.12878804233804128,0.9965159002700379
0.11160881674175172,0.9966291894762704
0.13542196305911408,0.996641201961012
0.11937015036763116,0.997049357664124
0.17018553722515745,0.9971579185244922
0.19206204966984464,0.9969537984409672
0.1569283940019507,0.9965821991657312
0.09399717810452544,0.9967780211271872
0.08019327261400087,0.997195192838416
0.124465129091308,0.9973116588670762
0.13139507657714647,0.9963348944044381
0.1500172164451484,0.9974582388471923
0.1917180410728328,0.9969019456242312
0.1070585503272726,0.996215436235384
0.08820623859910989,0.9969235269421152
0.10537483003765195,0.9977036650200605
0.09836762475516611,0.9968703434116961
0.17973949516578233,0.9976940002720408
0.10897244247705408,0.9978140422340688
0.10028606524952632,0.9968363174684881
0.09776154182475101,0.9966396048134426
0.11989974423569393,0.9962736161607728
0.11920474437182396,0.9964381658273245
0.0923106391224898,0.9964671046396602
0.09873277354529043,0.9956182064840448
0.0865943949660716,0.9958151678833005
0.1849109629518116,0.9958783302876579
0.08972487319887955,0.9960702767560944
0.1264713974788718,0.9963468308046803
0.0956932622040573,0.9969553855822275
0.19248414885899007,0.9964040723745645
0.10484773455604791,0.9965564577602535
0.1312092350613306,0.9964686099349662
0.10254704093349969,0.9965894003518184
0.12530388226834271,0.9969252992654141
0.1460542630320482,0.996402306188052
0.07944343637042102,0.996221385013556
0.1841100058776143,0.9956394554423987
0.16793993622708409,0.9959365100692723
0.1562066806213295,0.9962439726340414
0.09254401404221312,0.9962336652922897
0.10267336960264443,0.9966984492129471
0.06440007495159376,0.9964482264916669
0.14383435057166608,0.9970025429099426
0.0991237389954885,0.9975130581303133
0.07413814475587081,0.9972131164276233
0.079452661181961,0.9975675638512582
0.12418088958573228,0.9974715488243454
0.10900850892772776,0.9973190578473704
0.12867497433548525,0.9990469533075411
0.11931390464171376,0.9987334319613556
0.12589696077693413,0.9978305200855312
0.10587924785755352,0.9975718687352234
0.07530662088426865,0.9968638148269225
0.09963475511808878,0.997281381541306
0.14667027544710706,0.9974063735009661
0.09051903978680434,0.9975577781167042
0.06651748950597611,0.9975918429880538
0.08071274481384617,0.9978647651624653
0.16063189959048887,0.9974516205232026
0.11929391755004377,0.9967311676007751
0.09478109490185024,0.9966041714431425
0.11625075472090941,0.9966789292186145
0.1243609655943357,0.9969873211826519
0.11218101130199568,0.9970003761697654
0.13308879041260213,0.997310912586906
0.1059741224817946,0.9971362413227518
0.1587091029351236,0.9972986383548973
0.1698650390853343,0.997310755731305
0.15541859984657344,0.9972056531799485
0.10849505847985996,0.9974473651037972
0.07970800909028304,0.9974420834586286
0.1081125491069069,0.997632756417452
0.09801663348830801,0.9975860547982448
0.1451313975109024,0.9968597858683095
0.17832566467489747,0.9973541163472499
0.08655999410637041,0.9969648715127561
0.1259778060002915,0.9968709052960274
0.09530063116288681,0.9969768936031165
0.09992610541589327,0.99721380421642
0.1615832723417408,0.9968334712769693
0.13918946577771088,0.9971072834889992
0.1088382983425768,0.997036761567136
0.10594125909068337,0.996491024377367
0.11894234973246444,0.9968654480310757
0.10041104863365485,0.996939015404795
0.09410858051610896,0.9964672791507465
0.115928142561775,0.9963880849217615
0.0827845478000586,0.9966624373137616
0.16564686588629457,0.9965114371128094
0.1078866693465598,0.9967338945486504
0.13231134379559356,0.9969361737259816
0.0966131809104056,0.9972081096295385
0.15023412763872052,0.9967110683154342
0.12049794763958528,0.9968945264881304
0.08584744147609796,0.9967182579154158
0.1203080062075294,0.9973085819991824
0.12272830207414125,0.9972852307338255
0.13772630816956355,0.9969937636958056
0.06834502716995275,0.9967435174781741
0.14718423838450487,0.9968827929133449
0.15021811234090804,0.9971608602824628
0.11220080621009187,0.9972644677184017
0.09236784576627596,0.9971796327789965
0.13419634434812133,0.9974543500666189
0.07475934612742091,0.9972699331960256
0.1393377674354543,0.997234804601889
0.10750601774815302,0.9972314887484744
0.10339072682226062,0.9970281636780249
0.0806177420672226,0.9973596864072029
0.1166388374175012,0.9970946007333603
0.08798080726710153,0.9971376543377616
0.11916592328992652,0.9991761657482131
0.11794542947423378,0.9983803769147507
0.08613033569665744,0.9980199500945816
0.06037972271113368,0.9972813087627219
0.08781514502652933,0.9974426921738557
0.12250062860043912,0.9975249843778004
0.06573338052507757,0.9974331018174659
0.08704436077341075,0.9972615638757709
0.05976069942008607,0.9975141113784691
0.13164376212157852,0.9975382478446282
0.10507387056116002,0.9972660309607002
0.07695228882628687,0.9970399764974733
0.118519225564259,0.99714623175015
0.09897703886752626,0.9975104563026596
0.09936819650129805,0.9974903985631552
0.12759144334668476,0.9973623035577799
0.08744941968568377,0.9976414194675984
0.15078947410566573,0.9971779036945024
0.14163141432696513,0.9973778247931184
0.139105161250026,0.9973425037048745
0.09510332269383716,0.9971933239586817
0.07459823223142746,0.9977559906783777
0.08942910267887885,0.9980125321052687
0.08197417373074761,0.9975304158823959
0.12710598763939313,0.997089092320601
0.16633706116082078,0.9977012324074112
0.0799659835074463,0.9975825158966323
0.1197946838820441,0.9974973537079121
0.06326811370220833,0.997263509814535
0.09222454088144995,0.9976735375324312
0.13843847643268847,0.9969628092187206
0.154318412948048,0.9972019996798909
0.1040087891954395,0.9971500545717795
0.096156424616794,0.9970295649050928
0.13424483866989748,0.9971808429788557
0.08349581920650606,0.9971300462729399
0.08788477954141795,0.9971036727731863
0.12674846213102756,0.9970075949503091
0.07260548075521736,0.9971815271444697
0.13519896605237322,0.9970070753876904
0.15173239077967277,0.9972129660838
0.13865545168745189,0.9975424051209046
0.12615371803146364,0.9974240401439136
0.11315237114491764,0.9970122417413053
0.10828814083212283,0.997209056448425
0.06199938180950444,0.9972366412488552
0.13741368955626415,0.9974083034643085
0.11746439398913844,0.9978094786851223
0.12229057195433075,0.9973321897636328
0.06117491427811844,0.996758851784568
0.10138708494353804,0.9969209857002873
0.1147394230969422,0.9971376905118472
0.07514448200921521,0.9970781422731347
0.10315203482366356,0.997059792206404
0.1640869118181687,0.9973027253341896
0.07908796082017543,0.9970308274755116
0.13628871097672499,0.9973799555238314
0.09037643957508211,0.997363286614706
0.12317166957878169,0.9971292928227825
0.0864058628802232,0.9975335053828147
0.113757493157464,0.9973663760162684
0.07152150133807814,0.9973326126024498
0.1280785005837576,0.9989934628793011
0.07529643515485993,0.998344729218036
0.08341535835029619,0.9974940701572719
0.09700831033803488,0.9975908836908209
0.13710568334873469,0.997436910389828
0.08387627862133909,0.9970614118060938
0.1055821961137278,0.9969867642174212
0.09092794237055235,0.9973375079540384
0.10835495665459646,0.9975390067365943
0.12278198535240863,0.9969275146031232
0.08366955315717574,0.9967097057877704
0.14347477510518047,0.996887338774544
0.11247883178011633,0.9973805493843526
0.10799083284353214,0.9973458467390253
0.14927935964433228,0.9972187127955155
0.10252135239580848,0.9975559939868215
0.1409203351040914,0.9971807310355666
0.12563379740327962,0.9970974451424705
0.13403446171783287,0.9970747951456445
0.10821581574720172,0.9973173905914752
0.09827537663976631,0.997832806948684
0.10020304194566648,0.9979873342669127
0.08684404142837235,0.9974655965860983
0.1275418599846573,0.9969297592703585
0.15731615639258617,0.9974756203325129
0.09246534689935827,0.9971259620469216
0.1503966508809214,0.9970671637578192
0.07807496120294102,0.997104607340834
0.11972460093881676,0.997333937530647
0.1380013228635993,0.9971110272821918
0.1828818887801628,0.99710965399238
0.14158388092305768,0.9966924880801052
0.11416831757694952,0.9965722429956151
0.13688755499252883,0.9967221224859154
0.08792840521265914,0.9967780671712305
0.1056874486509514,0.9965560500261818
0.15503961383913917,0.9964989582418048
0.0982847295736888,0.996767555619612
0.12646223672852308,0.99653303410946
0.18991452635557488,0.99681315719046
0.15068569497584092,0.9976008401527545
0.14738500615788203,0.997614152454245
0.10378873900349612,0.997053337232219
0.128289582208926,0.9971083623854451
0.05307380009384964,0.9969526565715062
0.1597698922010304,0.9968825529884776
0.1455351751993504,0.997366002411974
0.12823807701116105,0.9970107447832077
0.09021622253576618,0.9969224341488931
0.07853005190558023,0.9964087983602716
0.11828066168804444,0.9966984380463069
0.06407579720148684,0.997064591858474
0.1260039429663214,0.9972033722914456
0.2013194683561738,0.99731499239614
0.11642371993728408,0.9972509241902319
0.1493838434472608,0.9975149059818073
0.10501326867423764,0.9974344456041233
0.16466884367948265,0.9970606705685776
0.11748156238839338,0.9976175045383168
0.1378493697179546,0.9969955020400311
0.09156650432493119,0.9970237687495358
0.07992325469288265,0.9986626003450365
0.06755790731306545,0.998192973034534
0.08797292774057777,0.99801039143915
0.13191717528583302,0.9977102026929933
0.07482520103202576,0.9971206621401832
0.09282069432722136,0.996957670075781
0.06995847233277226,0.9968617515172504
0.11967399259772935,0.9969962704028426
0.1145478160739138,0.9970610919184848
0.07961005952886198,0.9969094503056457
0.1293862457419327,0.9970355524639511
0.10364613879177388,0.9973345473113276
0.10226523575319146,0.9972971344151856
0.14102808602777372,0.9971618142135146
0.09057221057554175,0.9970451889369453
0.14572633379404007,0.9967831659226936
0.13062217830471667,0.9970433994695916
0.13529435316614427,0.9969926491452104
0.10037639152918867,0.9967268007451325
0.08594667226134402,0.9973756392754253
0.09380672418293952,0.9975048036107954
0.08247987277447417,0.997060398539841
0.1258423806419892,0.9964930293199185
0.16169922309790313,0.9969897903058788
0.08416141498359234,0.9971532949253816
0.13601862899441547,0.996803224269309
0.07185871944881753,0.9965377190274108
0.10656354950248476,0.9969899630191635
0.1352793628473918,0.9964036187191304
0.1651731333770017,0.9964216392095181
0.12111934119470916,0.996153386071571
0.10168644289024877,0.9963618246617267
0.13519800513450447,0.9964359748915197
0.08062434036992136,0.9966188918920218
0.09462164659682928,0.9963291236367656
0.14040797369647487,0.996505429450232
0.0860159864702764,0.997020882649
0.12594603164943152,0.9967502196329994
0.1702035384198987,0.9964969687224255
0.1438870729320647,0.9971451151014291
0.13597609236342553,0.9971091703171288
0.10916750880440997,0.9970337817329848
0.11758386811081945,0.9966072334431126
0.04699022906680463,0.9969357546547823
0.1487961460787344,0.9965339759216288
0.1336725800484623,0.9972818162308273
0.12214848423213852,0.9969600690265074
0.0704364969418789,0.9969858234671389
0.08373297373651313,0.9965296154669309
0.1132191229062,0.996769963822001
0.07014559507241316,0.9971247565036931
0.1134047081772509,0.9973360480403674
0.18316574391859103,0.9973238055191774
0.09721779043342202,0.9973483214474792
0.14153814123250527,0.9975470704326301
0.09470780889906036,0.9971293126948787
0.1462263313917454,0.9967527887565707
0.0986257272947119,0.9971632568001043
0.12479267396216868,0.996756060579236
0.08179903043387042,0.9966256689625376
0.07912088827247787,0.9990187282438832
0.09428583783229741,0.9981762356406546
0.1327697656801777,0.9977993711676537
0.07856432464289889,0.9971423118195518
0.1050164717338001,0.9966528155892371
0.08766370437041462,0.9970872285950163
0.1083194026934528,0.9970481287512355
0.11829917537231562,0.9963978059521896
0.08406442634004,0.9961982097855474
0.14361141762611643,0.9965181413761912
0.10892856056104792,0.9965154377173182
0.10656611195013473,0.9965324472202703
0.14868141248520586,0.9965078371631608
0.09944904172465538,0.9968443898763512
0.14203647323923813,0.9969186335299968
0.12423751967879718,0.9967882102505287
0.13109937011833703,0.9967322773091872
0.1044731047096186,0.9968404229460492
0.09662144480407686,0.9975302619063939
0.09614181866518896,0.9975995420924829
0.08701675039998207,0.9968047141870813
0.12479965663201488,0.9972565131232471
0.15826374953355443,0.9972587448243944
0.09139424378166024,0.9966067152669715
0.1460795672025919,0.9971886309464804
0.07190644503629867,0.9974540434442525
0.11704370414620043,0.9968395805696368
0.13732400388851432,0.9971479432139555
0.182364850905585,0.9971598552020232
0.13674867032989912,0.9968377787508013
0.11039043694537023,0.9967335530627206
0.13926973445034693,0.996537920237681
0.08457275189260781,0.9967863192882904
0.10207164283323428,0.9966075223566792
0.152792795678432,0.9958762373037019
0.09646308553930717,0.9963137239827324
0.122153481005056,0.9958657995466653
0.1898642383204437,0.9960769582287523
0.14995514115082725,0.9966381960152032
0.1480502175678208,0.997031247475881
0.1019912460382157,0.9963953147311715
0.1254225235945375,0.9968882348420257
0.051055744447095854,0.9965150478912032
0.15956604949047332,0.9969003701416416
0.14267894292628316,0.9972369715213731
0.127037249981182,0.9962750464701562
0.08826889044415227,0.9962139208558957
0.07681308385770086,0.9957430570713984
0.115382341212326,0.9959413293729187
0.06265940426295197,0.9964119928237907
0.12424219614575845,0.9966868542221825
0.20114836091434532,0.9969105461707289
0.11465652791546484,0.99672827050554
0.14754291699431296,0.9973386985651688
0.10252295392558967,0.998031107133844
0.16280709733937856,0.9976512635665422
0.11638784567018413,0.9977982887265272
0.13565373644905615,0.9977594125901443
0.09062153769280416,0.9973548121274205
0.08392522137145401,0.998570483333708
0.12126181328404892,0.9979939549273469
0.06650006486195614,0.9973405391455267
0.08096790053859447,0.9970170961426592
0.0581129174587566,0.9967355278484968
0.14712254745733125,0.9966410122224456
0.09803469874424049,0.99644838619914
0.08581022192398177,0.9962024693777097
0.11280426263166576,0.9964364184481848
0.09976274937820606,0.9964831100230614
0.10108003965387742,0.9965554567725493
0.12436641079559192,0.9965044349057814
0.09287360887119377,0.9966230051963715
0.1542873432702918,0.9967387606132992
0.15476293355413087,0.996923342972542
0.143860743782461,0.9967037277778269
0.08968746146318965,0.9964277072806064
0.06273621363126057,0.9968840297725744
0.09186695131189312,0.9969746319906376
0.09026068100249357,0.996179246045152
0.13319936002869942,0.9971942704162134
0.1725590684221568,0.9966842852946634
0.081355406684465,0.9964329787085076
0.104673680299422,0.9969493285561086
0.06914925136490375,0.99751222062523
0.08240133375400183,0.9966955848239604
0.14726361020046347,0.9972284535655722
0.13590229387110567,0.997298591165224
0.08682680896792616,0.9964734500828579
0.09146439078607885,0.9966939939557368
0.1283718367784908,0.996572887062663
0.08689099828155852,0.9967219100779859
0.08015842332596095,0.9967341638725635
0.11120971552026496,0.9959319690875673
0.06416522662447169,0.996244464609416
0.14798276113343464,0.9959095423126035
0.13083678329540377,0.9957137951116618
0.1305470985885718,0.9961774407190717
0.1097924897862438,0.9966731338313936
0.13203017922719779,0.9964667166367456
0.09878543184449785,0.9965988318168154
0.07541321870650845,0.9967125563390605
0.12289146592825465,0.9967055997714778
0.10762119977002033,0.9973111981479575
0.12071620411817369,0.9962029187250323
0.05478442608379523,0.9961579905866803
0.12428402810364458,0.9957436412284656
0.12778305036971313,0.9959683453001756
0.09435143649213729,0.9963394334871148
0.09208399062784768,0.9965468362781181
0.1411184763686273,0.9967804130311297
0.06403531052861694,0.9966526456301462
0.1312185239340618,0.9972187439590595
0.09180654160854448,0.9976008446275434
0.10063173943751072,0.9972686410902472
0.07270746617168719,0.9973607032773742
0.10708404668139004,0.9973332105678518
0.07350003122983073,0.9969140111674086
0.11777002993259161,0.9990221180082851
0.06772305706410761,0.9983132067481315
0.10041085645008112,0.9979619497647149
0.05405957370480284,0.9977130853144244
0.14924246039817235,0.9972557163782954
0.0955333654706976,0.9969702291006488
0.08949880125495875,0.9968427942243213
0.12194041348295892,0.9969650969194913
0.09944314809506041,0.9971723474885767
0.09807492917234542,0.997279732275344
0.13108309857575953,0.9971995883907501
0.0966641095574493,0.997203373613329
0.15557401229654563,0.9972694597532157
0.15307844453021527,0.9975228475878318
0.14339924696069686,0.997263570364406
0.09295189164690112,0.9971501943417302
0.0697761541824751,0.9975420081264371
0.09405207854542659,0.9976747496417984
0.09927601244708945,0.9969086786359258
0.13648038206094465,0.9965371578447347
0.17753809638967138,0.9974021448086106
0.08901520332221338,0.9972085098860547
0.10528443969679836,0.9971958933428066
0.06604401324144822,0.9970820479336906
0.0901114184268813,0.9973479071974691
0.14422582851139412,0.99664571472562
0.14468732533315823,0.9967372333782474
0.09360365020667742,0.9964301246754176
0.0924891776625032,0.9968128651158072
0.13146163615485512,0.9966135930662
0.08760207750443225,0.9967606290857532
0.08045541100859539,0.9967044878758992
0.11724107667644133,0.9963731441036696
0.06386349841368473,0.9968719491453336
0.14539622647552944,0.9968612725654888
0.14771543378234891,0.9966231596333146
0.13587333821266073,0.9970053137526963
0.1164171856957766,0.9973899806461896
0.1337311960384559,0.9972712215900416
0.09859254359764448,0.9972502627460617
0.06782376125675246,0.9973416247743853
0.1308213445483125,0.9972901672929047
0.11531603787938238,0.9976660850296206
0.11834017453471554,0.9966951316051498
0.05750369552997024,0.9970629081609818
0.12043708950789792,0.9965081356565784
0.12964498889339096,0.9967937756534786
0.09439512622456969,0.9972425009300285
0.10409892329152806,0.9973125865551838
0.15006622325645455,0.9974950697242205
0.07133309737461221,0.9974581371239228
0.13681433305093024,0.997581840952663
0.08839067076871827,0.997428887437644
0.10914848263060876,0.9971565960225539
0.08583892133766173,0.9972464064036883
0.11252168871706254,0.9971757390057523
0.07718476688933269,0.9971675244360845
0.06740140582284199,0.9990457200578501
0.09506091418522973,0.9987094350247907
0.05715597138386586,0.9983141670744504
0.15552071338542575,0.997943417845603
0.09225381684585114,0.9973397533260134
0.09613329852675277,0.9971243415552654
0.11933350736623621,0.9972474703266515
0.1026643369746782,0.9975361660280138
0.10455311713748974,0.9976127311191082
0.12987150926565055,0.997567253741232
0.09433317905263104,0.9976211210775334
0.16224592130402962,0.9974083688070341
0.1604868650534991,0.997703459199536
0.14706931260740258,0.9974632485686384
0.08661175554890028,0.997144462933072
0.06433287476197262,0.9976154166487903
0.09589409403862569,0.9980096132633938
0.09999932735749187,0.9972658500985104
0.13622445760190133,0.9967619582495251
0.18061162422345828,0.9976359463413683
0.08923704722751172,0.9974925484282594
0.08932436263118528,0.9975232250509459
0.07050536272247251,0.9972312064668624
0.07852601605053147,0.9976438355724786
0.15149491594370945,0.9969987686892952
0.1364617402542909,0.9970435034636
0.08233611946130943,0.9970886970353428
0.08763455652839594,0.997206040473953
0.13494867897815996,0.9967844880869664
0.09498141424688862,0.9970503906788624
0.0823787842146819,0.9969391094527085
0.11073470178714707,0.99637661703914
0.06834758961760273,0.9969577910546421
0.15439163488964655,0.9972218783895977
0.1334654061559602,0.996842799928128
0.1376298960767325,0.9972861279802993
0.1130123333808454,0.9976103217755603
0.1391961922027921,0.9974292175728284
0.09350839121528884,0.9972050336503026
0.08911718873868318,0.9973876083089149
0.12461810721601271,0.9972202173287756
0.10840972897311509,0.9976130469701047
0.1237558435817893,0.9971244512647375
0.05977908498197478,0.9972341340267925
0.1334609218725727,0.9968601931137449
0.13171249977978966,0.9972012552238148
0.10406125531107312,0.9974723315921118
0.09425348693071624,0.99756427439851
0.1387383468689292,0.9978894652202848
0.06262032693628952,0.9977405217655568
0.13411159139209772,0.9977749281418965
0.08914460692853816,0.9971937728240694
0.09904481560786862,0.9971885354857616
0.07927963190439506,0.9973225858671935
0.1135646049106106,0.99714874127732
0.0790790563145917,0.9970728435109388
0.09887242694221522,0.9993196271107196
0.05336002549635412,0.9988140364783176
0.1329285093120949,0.9979573549306217
0.0987731320957779,0.9973440490957565
0.08056085572939271,0.9969008980695373
0.11999455479874375,0.9971049567830454
0.09244529574649704,0.9974272660445624
0.09891163239126016,0.9973847304640849
0.12988034971004303,0.997790172083251
0.08728619177037909,0.9973121757191987
0.15159357017823424,0.9974458687756672
0.14167741026228253,0.9977580507108541
0.13931925375118312,0.9976536890763258
0.09294849640376486,0.9973278111022272
0.07737163338420858,0.9972713624577805
0.08689695597234477,0.9976028765630152
0.08760970078619094,0.9974492873921544
0.12828086988691595,0.9967035767348865
0.16827753870497095,0.9976666483531722
0.08283880762904726,0.9975736145980385
0.11237479640552656,0.9976579159413891
0.05858799525306574,0.997247358160817
0.09028688202971481,0.9975926768536816
0.139116692264451,0.9967790907341408
0.1510445657692228,0.9970019482683774
0.10090092456314272,0.9974095331153207
0.09425246195165622,0.9970906444606711
0.13593560569055557,0.9971879755915228
0.08496320485327585,0.9973747123143566
0.0843828104605519,0.9968907567930805
0.1267988782885412,0.9964007976515479
0.06862081059828348,0.9969115027035949
0.13488410529738007,0.9972106103245792
0.15569611292706795,0.9966221644878632
0.13808306494363415,0.9971379290679688
0.1270318047799258,0.9975117164293283
0.11812813199167845,0.9974662751734288
0.10124621438397959,0.9970247525568072
0.056755396754980335,0.9973093279958531
0.13817851611859647,0.9974939150639491
0.116061453900766,0.9974152352993239
0.11792710797353632,0.996960267713288
0.05712624699112594,0.9969255155507469
0.10124403630347709,0.9972478187513663
0.1179988565077362,0.9975569477980749
0.07712333220692405,0.9978000171349912
0.1074411237614169,0.9977961071667087
0.16510112859803683,0.9978477188325726
0.07778918422877534,0.9975915474468144
0.13727973760536064,0.9972973823677901
0.08901161589550338,0.9966463810656077
0.1219238216344252,0.9967511934698051
0.08861379589784163,0.9970022368327364
0.11379842825867267,0.9969153634259944
0.07128018283063983,0.9971256018492126
0.07808770937999977,0.9992270944468897
0.16638523517664072,0.9983589013589251
0.11710930280604032,0.997652263902238
0.0977894084429447,0.997284905678809
0.1144910578584664,0.9971223472087752
0.12637460101889325,0.9974307452274277
0.11439278799108908,0.9974500993066515
0.12962384870027852,0.9977226145885876
0.10800511848918085,0.9970828865978156
0.1607483628361811,0.997300528734556
0.17243331630373332,0.9977014940799745
0.15767374596214304,0.9974938867424755
0.10605586456182949,0.9973114091469296
0.07852601605053147,0.997191977876957
0.1090969133716526,0.9975918710421334
0.10395010914425457,0.9974294321435182
0.147667516011294,0.9965207166859897
0.18155876893608777,0.9975472788814531
0.08594564728228403,0.9974580879395336
0.1207397145753624,0.9974949657048663
0.09785968356974582,0.9971551048368384
0.09914654477957344,0.997664064814688
0.166516304373938,0.9968559045114662
0.13481876288230518,0.9970920209873732
0.1052700899899584,0.9972654222572224
0.10488655563794538,0.9969748894033864
0.12050838961375906,0.9971330467605232
0.10520237731080728,0.997266140962536
0.09405842060336032,0.9968290600008386
0.10954021681510176,0.9964535660435913
0.08229012352599203,0.9969173973915454
0.16744519164706123,0.9972404070126372
0.10074640896984798,0.9966496917108996
0.1292552406058267,0.9972219907621106
0.09128623661321295,0.9974327796143369
0.15727144168109375,0.9975515159176928
0.11914567995349155,0.9970283867020288
0.09004120736127148,0.9972588032014504
0.11836470997096427,0.9973271782505869
0.12135534262327376,0.9972345785491504
0.1394484651739341,0.9971056240655624
0.06727084911507472,0.9970428285200413
0.1530172020313804,0.9972799107619077
0.1542609500594968,0.9975165052723143
0.12009192780944358,0.9976257649750819
0.09040616396782208,0.9975879630941744
0.13084837837101995,0.9977120280852682
0.0720334783785472,0.9976292522101156
0.13962802869300756,0.9972294492962755
0.10690794246664415,0.9967053044780387
0.09775379042060976,0.9970052301146608
0.0771825888088302,0.9970726473017368
0.11685504393796955,0.9968098866698957
0.09029661933078478,0.9969848769653751
0.15061650888929107,0.9990723017138798
0.09205035850244152,0.9979060208700568
0.09047381258578192,0.997542356892744
0.12050928647043656,0.9974152758493312
0.09913373254132349,0.9972742579965715
0.10272423418849684,0.997315738458108
0.13037945045107083,0.9976006949839664
0.09245093313132705,0.9972189610387496
0.15954497335855208,0.9976179677038429
0.15588054509667632,0.9975485963286682
0.1456052581425778,0.9972661489005552
0.08793340198557661,0.9976023225750462
0.06671447766906949,0.9975447151014184
0.09410339155961776,0.9978310683746352
0.0977919708905947,0.9976293306402304
0.1351910865258495,0.9969687209468584
0.17826141130007384,0.9979172991509336
0.08647011625504682,0.9972793028138307
0.09455752134438816,0.9973425918358888
0.06610121988523436,0.9975068158884776
0.08034042117030189,0.9976445785826888
0.14683100497595303,0.9971920463783993
0.14073846538213303,0.9974344887045373
0.08662950049887651,0.9975688896661404
0.08945555995086509,0.9969800947918387
0.134913060955825,0.9970314732712505
0.0922565714770749,0.9971986726771128
0.08059743466959639,0.996900232762073
0.11433904065163043,0.9964856007378284
0.06500590163724389,0.9968794202479587
0.1501156144349082,0.9971601013844433
0.1400261689966256,0.9969868783698259
0.13815193072422777,0.99752545472327
0.1164161607167166,0.9977565866816944
0.13356444475763246,0.9973003020250408
0.095724460004196,0.9972443406781546
0.07917463561193651,0.99711606964853
0.12849829357001807,0.9975218761488525
0.11046820723154756,0.9971904810158329
0.12210998345619734,0.9970683876850266
0.05677640882571033,0.9970904736656216
0.12534962195889515,0.9972804513454888
0.12760431964612595,0.9974813366279373
0.0960272772552342,0.9976194497925837
0.09858440782635572,0.997440222925273
0.14515477984570863,0.9976379236147133
0.06578296388710496,0.9975389937776571
0.13595789898511057,0.9973019408515372
0.08745723515101625,0.9970698698193523
0.10250969325900099,0.99738076320577
0.08099262815841694,0.9974196925051779
0.11139799136134836,0.9972524223146819
0.07715004572367526,0.9972982812212515
0.12160498908557456,0.9986943325596463
0.09299000805569482,0.9983117145907757
0.15486177997222947,0.998052824605776
0.11212630304466828,0.9978253292848088
0.11017326950703311,0.9974786379835657
0.15432135976284547,0.9973377953142198
0.10420007591251164,0.9972095489077442
0.14180598107312106,0.997293261501965
0.12129544540945508,0.9971935765141845
0.12883820225078996,0.9970415870921551
0.106575144578101,0.9973703099563824
0.10566598815188268,0.9977724848228819
0.09996101876512445,0.9979582268283869
0.08879848431221504,0.9975427276603704
0.12764339697278843,0.9972458255915385
0.1559548560785262,0.9979616311988925
0.09877434925841165,0.997388932791821
0.14862132308781345,0.997422371252936
0.07347722544574577,0.9974199183927452
0.1228785255676222,0.99752876676468
0.13877358052411665,0.9970943963323293
0.19539777995941723,0.9974815699952048
0.145229731439471,0.9971775340036787
0.11498798051899176,0.9970405722848477
0.14531057666282834,0.9968493101920637
0.09044991776144573,0.9970181143877057
0.11011132233509448,0.997054178625616
0.16468883077115262,0.996863475162431
0.10291449592650898,0.9971093674782685
0.1210472082933618,0.9972411895629416
0.20347282123884727,0.9971459570952197
0.1616067827989295,0.9974850692902563
0.15882114595861965,0.9973886383743891
0.09600818702024175,0.9970106624593281
0.12907080843621827,0.9970947303822083
0.05825231461091636,0.9969205599264896
0.1685809965679217,0.997119935788356
0.14695381027957904,0.9972502580228909
0.13057105747409925,0.9973546055245057
0.1006993880554706,0.9973088311990016
0.07240266302372025,0.9970066058785216
0.11500495673467297,0.9971794647376087
0.05692374956558505,0.9970565925025704
0.1329199891736587,0.9969160067060296
0.21455002618501187,0.9971185240349728
0.12642911709264687,0.9971039201425994
0.1535817733098656,0.9972580083141477
0.10793247309830352,0.9970759021091484
0.1746971747413129,0.9973899276845187
0.13062012834659667,0.997495152476748
0.14434562293903136,0.997032930010508
0.09671721628499545,0.99713382363668
0.10339296896395436,0.9994237618499638
0.12445545585142928,0.998949318032035
0.10538033930009946,0.9984906173165201
0.104415001209155,0.998331235498148
0.1329525963200049,0.9975462601342429
0.10338611441649063,0.9969449379296936
0.1667991345333062,0.9966753478102687
0.1674910594599962,0.9972134493167631
0.14903458183256652,0.9971927509567167
0.0892318582710205,0.9965923758636483
0.06261795667221329,0.9970959539657503
0.10198990075319946,0.9971844167572954
0.10661050635567096,0.9970597361157283
0.14191129767153585,0.9965520320069933
0.1856527915464852,0.997213255522449
0.0944793666910633,0.9977508851816876
0.0918945616853218,0.9975876974600888
0.08090159720565086,0.9969047852553504
0.08311439887380426,0.9975407941256209
0.15330957730824485,0.9964828746437528
0.13707512616050854,0.9969123887963898
0.08328480164252892,0.9972472550962356
0.08833826871427587,0.9973491490525858
0.13214683465646387,0.9973616637691184
0.09566449872918611,0.997451077678829
0.08243945016279548,0.9974790509684046
0.10768327506434144,0.997512484717592
0.07046596508985381,0.9976078529967184
0.15993171077012763,0.9977017714215376
0.13366521301146855,0.997273115461348
0.1400451951704268,0.9974713790530686
0.10926379277485852,0.9967896590772404
0.15181522189995883,0.9972695628787824
0.09377155458894337,0.9967634932641165
0.09143902255434387,0.9971840023953091
0.12556903153892598,0.9970888796637597
0.1150988704410453,0.9972783845763207
0.1240694231129575,0.997825862617272
0.0587933113710216,0.9975973357228014
0.14359995067288273,0.9978216806092365
0.14101822060432123,0.9978584079511577
0.11579861083306776,0.9973285613500221
0.09543375031830403,0.9972058461966995
0.13441639454006468,0.9974887125125415
0.06214781158963041,0.9973091501679112
0.13796237365931935,0.9969201971404256
0.08938727072099267,0.9963635557704189
0.09917690978422589,0.9966822744927395
0.0812479120055477,0.9967334332296623
0.11975438939274792,0.9963542073677623
0.08529850112827773,0.9966283166403144
0.11737688640189106,0.9991317724541784
0.10360219281457649,0.9986066640447496
0.10095057198636136,0.9982556768932637
0.1267138050265614,0.9973890815615492
0.08953589268469243,0.9964341254365848
0.15188697043415872,0.9962677328326333
0.1506138823804498,0.9968038454231315
0.14150687937117534,0.996860466584546
0.09446962938999331,0.996427679709155
0.06805085817973329,0.9969808465945936
0.09167528022767348,0.9970633586959315
0.08352881071999976,0.9970543610185768
0.13084427845478003,0.9964080226343623
0.16759842601653097,0.9970949362676077
0.07744081947075845,0.997546824208396
0.11716247359477772,0.997231332853792
0.07208978816565584,0.9965248739371485
0.08926645131429542,0.9971140249432968
0.14362198772267268,0.9960177219776509
0.14522172379056475,0.9964888377684232
0.09839831006577485,0.9967931412794968
0.09535732531714292,0.9968524418073128
0.1277879190202481,0.9969694043603377
0.08305719223001809,0.9971583681439689
0.08878900325591003,0.9970281785742755
0.1220951212598274,0.997283810536066
0.07154052751187936,0.997434362426716
0.1444497223748124,0.997552325753806
0.13793924756927817,0.9970036248250227
0.13666302051719803,0.99714441277234
0.11654710179163134,0.9963184367397134
0.12149570069330226,0.9968084688899411
0.10770889954084142,0.99634498226303
0.0688197846583056,0.9967848215847299
0.128958957596296,0.9967625195547507
0.11455198005134504,0.9969602185620408
0.12305687192406187,0.9978063957697529
0.058563908245155775,0.9975530935344256
0.11385800516653508,0.9977348728312239
0.12158538636105207,0.9978073336828438
0.08419959545357726,0.9972780867797134
0.09476027501469401,0.9969563176505764
0.15044258275504763,0.9972300432711895
0.0725002282179938,0.9971395653367153
0.1343228011396486,0.9966776414975389
0.09264523072438793,0.9961085775331581
0.11440957202319656,0.9965123689880098
0.07972094945091548,0.9966425159738833
0.11269016965004972,0.9961635666491936
0.07524134253038503,0.9964936125288432
0.13312690682139583,0.9988019717144287
0.11299522904278164,0.998557938171708
0.12886017523938867,0.9978432376385766
0.11789635860173636,0.9970433652536371
0.16361426834912707,0.9967495639832809
0.18912657370320127,0.9973654277717384
0.15601488141472736,0.9972452157672456
0.09812239851506156,0.9967235106896448
0.08484840719855603,0.9972982749799311
0.12122734836315648,0.9973336227832063
0.12518690653312045,0.9971534981695716
0.14769390922208894,0.9966368528195354
0.18310764041812735,0.997248336887676
0.09834552364418493,0.9975164526124065
0.0990820351599848,0.9974206727452803
0.1052611214231834,0.9968151609335328
0.10110162827532856,0.9973421883201293
0.18064230953406693,0.9963581176966659
0.10629916896619652,0.9968701344726729
0.1084190819070376,0.9970806021546493
0.10222148195956776,0.9970902210068682
0.11169414624849656,0.9970305637748595
0.11727682282115875,0.9971570737159389
0.09272396192843405,0.9969882454720538
0.09947255218184407,0.9973711226802983
0.08726742184134288,0.9974499511589968
0.18258528546467584,0.9976722460623011
0.07892966561659695,0.9971592456622361
0.11918591038159645,0.9971754757007002
0.09111512917138449,0.9967355690523276
0.18783561257713363,0.9971658758563708
0.11249715328081385,0.9967036654565076
0.12424917881560466,0.9970593622490151
0.09821387789616644,0.9969656224464237
0.12379799584563175,0.9971877765842228
0.1476147936508953,0.9976510635468334
0.07890660358774702,0.9974880050883603
0.17975993068579105,0.997739850497016
0.16743199504166378,0.9978464039043846
0.14925264612758107,0.9973855106388813
0.09017016253925753,0.9972117671441901
0.1040602943932044,0.9973772232689757
0.06838839659642891,0.9971781291035011
0.1403690885533862,0.9970159197474208
0.10331225186297952,0.9963882156889635
0.07306845098438029,0.9966751851886996
0.07253213069123628,0.9967644419531672
0.11791711442770132,0.9963476363292602
0.10268176161869816,0.9969174636018228
0.10336696012030692,0.999346546301828
0.133834270495177,0.9988635548289448
0.09169975160273094,0.9980146027813696
0.15749117156708087,0.9974145074391572
0.14150956994120784,0.9975513642157362
0.14171347671295623,0.9974591784538942
0.09297937389794733,0.9970173543814499
0.08093702304441201,0.9976358975435327
0.08765281396790212,0.9976348102051545
0.09261601882117802,0.9976616244003325
0.12920315885734052,0.9968733203788211
0.17548294931318395,0.9975422796552419
0.08826081873405475,0.9979571424751132
0.10518745105324603,0.9978296348361533
0.05857287681193076,0.9970253712767256
0.08845101641087566,0.9976006958871497
0.13916428972954967,0.9965552826855808
0.15663384064458372,0.9969438571265719
0.10156254854637148,0.9968562977441958
0.09356040890258374,0.9971909522306008
0.1442966161277252,0.9973041280212048
0.09208328595474397,0.9973860633500908
0.08867881800696023,0.9973063448831965
0.1290375606779596,0.9973653975208666
0.07171125058656028,0.9975180727063176
0.1370290021028086,0.9977700291940368
0.16388262067927287,0.9972512784317357
0.14512409453509992,0.997568721718452
0.13439262783811096,0.9969271530085471
0.11892274700794198,0.9970005676564532
0.10072827965272428,0.9964217594439471
0.06600813897434828,0.9967424929584813
0.14421647557747158,0.9966893505021344
0.11847412648561904,0.9971553935209274
0.1200577831945074,0.9977284309831683
0.06025243312412015,0.9974737814789713
0.1032499203238934,0.9974500254445875
0.1172699042125038,0.997756753489883
0.07794639039210252,0.9973142585418973
0.111319964830406,0.9973127119479513
0.1695603640597499,0.9976137259661283
0.08217763207415724,0.9974271646957488
0.14090175735862892,0.9971101069307164
0.08955203610488739,0.9962409668938604
0.12214906078285977,0.9964804387017229
0.09462766834880675,0.9967564137734792
0.11892402823176698,0.9963276816369683
0.07482020425910829,0.9969620682337453
0.12829701330711096,0.999219830258992
0.08755941275105984,0.9984957804439696
0.14909934769692007,0.9978370137772088
0.141311172431907,0.9978516091965904
0.13865878286939687,0.9973301318350554
0.09470800108263411,0.9969097961895149
0.07583307575396017,0.9974369286472196
0.08776056489158443,0.9974578510363361
0.08673840452400133,0.9973999051386514
0.12967138210418588,0.9967681031138814
0.16722815233110666,0.997392731715784
0.08257622080611401,0.9977249779275599
0.11882229906006214,0.997649802804014
0.06077773489236919,0.9970188633693106
0.0934718763362764,0.9976776057412458
0.13861176195501945,0.996661906381388
0.15136083587042343,0.996970021983356
0.10250796360683724,0.9971871345488509
0.09650357221217705,0.9970561000288742
0.13215644383515132,0.9970801494216056
0.08198186107369762,0.9972461558075093
0.08412400324790241,0.9972349637771256
0.12522374171808912,0.9971222766306868
0.06969140122645151,0.997417411278676
0.13456911642000438,0.9976424982753669
0.15570719551315415,0.9972457551371696
0.13656763340342695,0.9975259642849644
0.12377205106317551,0.9969415174026408
0.11826592761405692,0.9972562230771411
0.10444229127662744,0.996775086333128
0.054813766109387686,0.9970103601916381
0.13668114983432172,0.9969721144274
0.1181126932445872,0.9971393451338472
0.11662749858664996,0.9978057900447556
0.05807800410952542,0.9976494489164676
0.09973577961668986,0.997507908060391
0.11889225388090709,0.9977759269112972
0.07642263089703283,0.9973857776653527
0.10620339748527792,0.9975630294812707
0.16327692211600522,0.9978530392909027
0.07708579234885161,0.9977130847036532
0.13772489882335606,0.9971544953633509
0.0871217466924406,0.9964291024366408
0.12271555389708245,0.9966252011926707
0.08714493684367305,0.9969130373750896
0.11471065962207098,0.9965407601175664
0.07203751423359592,0.9970372468228755
0.09943072022395792,0.9988500595604624
0.1572064836331664,0.9985762182314221
0.16822693036388356,0.9985821345209209
0.14822843580187797,0.9979227660304301
0.08726793433087286,0.997282886845206
0.0666293403458984,0.9972398068398816
0.10037306034724366,0.9972645157511992
0.10218022655240289,0.9976021222598144
0.13917018335914466,0.9966461980716222
0.1771791615350983,0.9972247007276168
0.08334751754876257,0.9975338887022774
0.09739389464816793,0.9974854990395192
0.0825401543554403,0.9968459426402048
0.08339851025699747,0.9974581362062
0.15927207268382762,0.9965951153284768
0.12457883770577656,0.9968454450668401
0.08640765659357817,0.9972125361425117
0.08912333861304317,0.9969828116082288
0.1217008886888756,0.9973698339140963
0.0954579654485965,0.9974722106614973
0.08002210111098122,0.9969843596959984
0.1032984787068608,0.9967644010022506
0.06624932935940409,0.9971484370241603
0.16097392229057195,0.9973784592149256
0.11002772248051336,0.9970345576757107
0.12607613992886005,0.9972566501461084
0.0949882047331611,0.9968276018459352
0.1528901046279406,0.9968372185016813
0.10145889753892919,0.996504609647524
0.09225375278465987,0.9968064042683281
0.1106143948699798,0.9971945161786772
0.1072898112276847,0.9972177132447064
0.12763282687623215,0.9972409392370264
0.05843277498666725,0.9972785415421194
0.14490385215958285,0.9972855139408272
0.14269700818221565,0.9976612415025566
0.11502929998734789,0.9975450162583713
0.08477146970786496,0.99768450999094
0.12355341021743968,0.9979580764582755
0.05772278480404484,0.9978397562107325
0.13295137915737112,0.9971268611215804
0.09415086090233392,0.996449445497528
0.08815819270567245,0.9964873003795284
0.06869294349963084,0.9968570983783641
0.11146256504212824,0.9965135243949738
0.08061537180314637,0.9969289345089823
0.1507427094360533,0.999006668384078
0.1439506216337846,0.9986637167433025
0.13963597228072247,0.997846117285008
0.09333408071389793,0.9974517933529679
0.07236569971636912,0.9974803526400422
0.08782789320358808,0.9975331469378873
0.08566076716479581,0.9970916212726024
0.12903288421099837,0.9967865143769505
0.16766082161680834,0.9972699356551639
0.08081588333175851,0.9971303931892194
0.11425307053297308,0.9970943475644906
0.062023468817414405,0.9971327638924083
0.08866177773008779,0.9974288811059496
0.13942175165718296,0.997020985629078
0.14732100902782339,0.99687775940992
0.097230602671672,0.996870774930628
0.09445169225644336,0.9967168928866269
0.1326586835745504,0.9966387770323047
0.0832660317134927,0.9966277791316419
0.08364661925070829,0.9967487191046633
0.12283489989638104,0.9963548018554887
0.06710967115789002,0.9965839198295171
0.13767089523913242,0.9966727393769488
0.1497088899316627,0.9968210126750392
0.13646282929454212,0.9973194538676442
0.12251722044897286,0.9970576340126238
0.11819334628437084,0.9966823656427725
0.10325959356377212,0.9968702519062604
0.06128740572995325,0.9970278824357626
0.1337567564537646,0.9971348764448984
0.11445857883450272,0.9972693878850982
0.11860558005006384,0.9968568495191875
0.05606219060446539,0.9970867137641176
0.10554407970493417,0.9964261427092179
0.11837431914965171,0.9968696472475539
0.07912530849467411,0.996769273308848
0.10154038337419904,0.9969788503627027
0.15829949567827187,0.9973164396273091
0.0736222599827355,0.9972317970433812
0.13555155884901257,0.9970606248799029
0.08833013294298717,0.996906077142464
0.11750488066200834,0.9967400077810393
0.083667567260247,0.9970057379266337
0.1116306616079679,0.9968173914151539
0.07148030999210446,0.9969740306005415
0.13338347189235158,0.9991263872267635
0.13972649074395865,0.9982895472854889
0.10833977415227022,0.9983348878222112
0.09006221943200143,0.9978842645503022
0.09683592167238143,0.9975253335407347
0.08679106282320873,0.9972710410957811
0.13015152073260375,0.9968295338329592
0.16191607023028398,0.997228990334176
0.08470811318971881,0.9965943959283244
0.14489808665237033,0.9967752703387392
0.07941928530131981,0.9972835008956848
0.11227338753977796,0.9973709180392156
0.1372452086232769,0.9970391723396304
0.16833218290110713,0.9971357050202156
0.1293025177649691,0.9969801873933315
0.10753695930352672,0.9964524345385205
0.13025337802669107,0.9965994076834238
0.0823554659410669,0.9965628987276712
0.10037325253081744,0.9963788820718624
0.14441250282269624,0.996117186697689
0.09020968829425867,0.9962256345653951
0.13050968685288186,0.9963102413781024
0.16880687632826874,0.9965199342184216
0.14427163226313774,0.9965735354792957
0.1341816743353251,0.9967593422686478
0.11115744158820506,0.9963907755566016
0.12313265631331045,0.9968367223628163
0.04806876328268762,0.9966362631840929
0.14960088276321543,0.9974392615650962
0.13875910269489417,0.9972487372080991
0.12681393266848492,0.9963434082644629
0.07347677701740701,0.9968701270756738
0.08823532237993731,0.996439768298371
0.11944926593882473,0.9967225207176988
0.07119376428364373,0.9967926687545235
0.11560815691148184,0.9969054996916656
0.18532806536803953,0.99727699426723
0.10212737606962172,0.9971024151386827
0.14421730837295785,0.9968017587989345
0.10059285429442202,0.9969653083357553
0.14950459879276684,0.9970734514064896
0.10075307133373798,0.9969318013998963
0.12887253904929985,0.9969385247190874
0.0845858203756228,0.9971543841361654
0.133025433894456,0.9991798787856626
0.10114256337653726,0.998469036998192
0.09328834102334549,0.9980056895277256
0.0924228743295596,0.9976882067294152
0.08687613608518861,0.9971499846341975
0.12269133876679005,0.9965040645868504
0.16094611973356948,0.9969224649451155
0.08743968238461378,0.9971124726323459
0.1344427236896684,0.997146454822816
0.0653394041988908,0.9969669104694019
0.10900293560408904,0.9976253931104798
0.13592445904327813,0.9968199463128672
0.1769092717363626,0.996888524109504
0.125837704175028,0.9969881245217184
0.10305376495628624,0.9968406030162624
0.14234082795886627,0.9972101810947785
0.08518902055243166,0.997162213905827
0.09596116610586432,0.9968725614246072
0.1461131993279981,0.9967346856564993
0.09015440348621001,0.9969106157334261
0.118360802238298,0.9968861727863059
0.18438867205955128,0.9966809933392359
0.14670096075771574,0.9968759950547793
0.14612908650342807,0.9968256146350408
0.10467669117541074,0.9968295023059859
0.11858418361218633,0.996973730453306
0.047879782768500474,0.9973116383104882
0.15676068180325847,0.9977786821770445
0.13472766786834786,0.9979308342519773
0.12262811037102637,0.9968475197221078
0.07931569835506878,0.9970713257000883
0.07587798264902636,0.9971205576207398
0.11252412304233005,0.9973738064158386
0.06322250213403843,0.997163775661885
0.12223451841198715,0.9972227678376429
0.19543660104131463,0.9975515725695978
0.10726969601363225,0.9973657554505776
0.14435516805652757,0.9971595265458248
0.09788678145364452,0.9969562166012669
0.15398587130426983,0.996884830565314
0.10954239489560429,0.9969094229128688
0.13109994666905825,0.9967469742445907
0.08565320794422833,0.9970886493726349
0.09051570860485936,0.9986280063351821
0.06862266837282974,0.9981376823734257
0.09110103570930952,0.9978296705929869
0.09532433380364924,0.9972836558288223
0.13394016364431302,0.9960394439355763
0.17429679229600112,0.996761615747448
0.08386141642496912,0.997081266179893
0.10475177089155562,0.9971241418478051
0.06264934665592575,0.9966504302075806
0.085558525503561,0.9974211215419021
0.14342749794603807,0.9964382503235528
0.14236760553680877,0.9965323829669586
0.09063806548014666,0.9968132019869512
0.091804876017572,0.9968668238054019
0.1312101319180081,0.9973789851458792
0.08663814875969525,0.9972415349725102
0.08025784629478076,0.9969306389409825
0.11684754877859328,0.9967039470685645
0.06076812571368172,0.9967591821406333
0.14448649349858983,0.9966458491076458
0.14311154815079363,0.9964231381691504
0.1340222900914954,0.9968506115266765
0.11505710254435036,0.9967507839427536
0.12990763977751546,0.9966893416129728
0.09713963578009714,0.9967626229257008
0.06896674103103284,0.9970301902580134
0.1279802307163803,0.997558616398816
0.1097375252841514,0.9976802549236018
0.11862902644606124,0.9969434255685015
0.0552238217945782,0.9967821867316335
0.11829911131112436,0.9970189964792563
0.12641111589790568,0.9972703491796909
0.09097195240894103,0.9969774678027005
0.1006555061394644,0.9969760456285299
0.14914419053079503,0.9970999041529597
0.06862446208618474,0.9970230283223208
0.13447981511940205,0.9967920725906605
0.08755928462867733,0.9966116878260077
0.1059023098864035,0.9964943880570605
0.08193958068747267,0.9966472422540138
0.10800537473394588,0.996357223905864
0.0735837592067943,0.9967919879520007
0.06411545107887054,0.9992429148070301
0.09337251742864784,0.9984160237777053
0.09661670427592435,0.9978643102851849
0.13461389519268804,0.996566457090993
0.17677871502859527,0.9969886232110462
0.08573629530927943,0.9964739093059173
0.09469582945629666,0.9965240968017935
0.06630371731077526,0.9968207941015933
0.08029890951837197,0.997100360741015
0.14811876304245816,0.9965968971797428
0.13760228570330382,0.9967628439468904
0.08499401828626704,0.996525638007413
0.08876094445414259,0.9965415584432754
0.1329533009931086,0.9970682645176897
0.09128809438775921,0.9968376801140477
0.07988949444509395,0.996502333885228
0.11242373915564148,0.9964694692030195
0.06406702081828561,0.9961636646688936
0.15003739572039212,0.99609080649702
0.13540408998675535,0.9961530626939129
0.13512106764381335,0.9966942369792897
0.11307402430801902,0.9967326888570855
0.13405598627809284,0.9963129908665811
0.09415457645142639,0.9966538462279529
0.08103580540131934,0.9965432310228441
0.12475865746961498,0.9972550420947804
0.10789608634167358,0.9969823528674787
0.12183234225332036,0.9964523921212786
0.05748255533685776,0.996657291628774
0.12697921054190964,0.9965929144654015
0.12844858208560817,0.9966854866180868
0.09683143738899395,0.996594744307601
0.09596366449232308,0.9966406947338483
0.14168746786930875,0.99695416897232
0.06332493597884699,0.9969304274493384
0.1331830244249307,0.9967336520906821
0.08892667075590605,0.9968482162293626
0.10011310003315164,0.9967575252593068
0.07777060648331287,0.9967420115799971
0.1097339378574414,0.9963956927556883
0.07546305831330084,0.9968609780982188
0.09408334040675652,0.9991079325793555
0.09756064592899136,0.9982173160872737
0.13690318592319387,0.9974272855009902
0.177494919146769,0.9977470238239134
0.0855462898160323,0.9969841389524648
0.10008811616856424,0.9970994027854668
0.06921741247239363,0.9973256000472245
0.08358672203688963,0.9974953017764449
0.14716431535402613,0.9970600053752755
0.13689370486688884,0.99722426037584
0.08692008206238598,0.9966937807867491
0.0905721465143505,0.9970033487082971
0.12889508858861984,0.9969643752824772
0.08828554635387721,0.996908797121691
0.07890551454749575,0.9968268102554234
0.11021945762592428,0.9967427941928902
0.061863764267628414,0.9966110793228493
0.15011599880205573,0.9965697935164786
0.13443510040790962,0.9966135915198334
0.1320177513560953,0.9971066199253432
0.10945104363688192,0.9971813840688877
0.13730971824286559,0.9967588085257101
0.0964626371109684,0.9970210821491016
0.07737490050496233,0.9966863579799029
0.12286020406692472,0.9971007111894196
0.10878429475835316,0.9971735198067808
0.120400702751268,0.9968287771941005
0.05488858958076755,0.9968517022803712
0.128677472721944,0.9965656474817876
0.13151602410622623,0.9966904146025256
0.09916262413857715,0.9967357226812142
0.09543823460169155,0.9968073998840317
0.13933091288799063,0.9970756148706611
0.06351116186181038,0.9970067810870497
0.13300717645494975,0.9972781923970174
0.0903182720134272,0.9973150700316933
0.10048119563807348,0.9971677802866556
0.0768814371487645,0.9972206507116637
0.10923707925810736,0.9969771477041448
0.07707438945680915,0.9973783300548513
0.08325309135286026,0.9986322689943606
0.12732193791509647,0.9978530592380909
0.16640599100260567,0.9986347307425608
0.08122369687525524,0.9977172751774249
0.11894990895303197,0.9975097069170473
0.06114102590794725,0.9973845564942931
0.09281249449474138,0.9975726044041248
0.13795551911185563,0.9972601112839816
0.15353052435686568,0.9972277520507696
0.10173781996563117,0.9972111748521942
0.09564861155375616,0.9972012766663043
0.13480992243791268,0.9970018898415441
0.08268390766860506,0.9969696517621808
0.08720041383529548,0.9970589428825761
0.127731481110757,0.9968083605126037
0.07224968489901555,0.9970584773014921
0.13338846866526904,0.9970664752994339
0.15524223938706255,0.9970493410628504
0.13803873459928925,0.9975718234628158
0.12695922345023966,0.9977639318574768
0.11454378021886504,0.9973452661161549
0.10551275378241295,0.9973067434372781
0.055723947514666014,0.9969445131837984
0.13873277354529048,0.9972851885447485
0.11856003254308516,0.9972087028319427
0.11878347797816476,0.9971399556400636
0.058914322961292634,0.996960920216017
0.09813655603832783,0.996708355621664
0.11678079701731092,0.9968818591153994
0.07411290464651837,0.9971104700798995
0.1055372251574704,0.9972039491879109
0.16588715941467283,0.9974172379273368
0.07957290403793703,0.9972063907251699
0.13724930853951695,0.9973619998808234
0.09006183506485393,0.9972022329212515
0.12492681809664592,0.9971605870581645
0.0884868906779756,0.9974837363263693
0.11382027312488892,0.9970608266415472
0.07095135673595418,0.9973262899241133
0.1257075318344082,0.9977645507159149
0.16440395065366437,0.998435242583911
0.08215790122725225,0.9981225728102093
0.12438530884701064,0.9972841714696207
0.0617952828541823,0.9967848117449136
0.09783297005299459,0.9969412917437059
0.13631811506350866,0.9962885562144093
0.15995438843183005,0.9966068506082307
0.10886789461293424,0.996824568318814
0.09755058832196514,0.9963685540040749
0.13613899997277398,0.9968587790237309
0.08145008912513232,0.9968535398116544
0.08972359197505457,0.9964711797388877
0.13283940019506632,0.9967245737608493
0.07747022355754217,0.9969950089295246
0.12942564337455137,0.9971503532903064
0.16198467976611258,0.9971353000564077
0.1403863210138324,0.997291655210052
0.13195734165274667,0.9967343541201523
0.10868813891028711,0.9963562113173352
0.109555911806958,0.9963777082647014
0.05299289080930105,0.9960136754616531
0.1429758665477264,0.9968082497311423
0.12228051434730453,0.9964374529210143
0.12101267931127815,0.9972131884944131
0.06568110659301767,0.9968696420289427
0.09141352620022648,0.9973428401549133
0.11186602242462,0.9975611789058035
0.06888743327626548,0.9973693428553002
0.10932055099030596,0.9973338586778606
0.17311050715643583,0.9974626713661788
0.0862109246752498,0.9972381156201203
0.13851176243547839,0.9966396301246568
0.09165836807318352,0.9964529469158216
0.1323652192574347,0.9966163634760808
0.09289391626881997,0.9969758219388343
0.11838508142978171,0.9963704134149578
0.07286377547833689,0.9967723311339581
0.16900418479731835,0.998565488927004
0.08469421191121758,0.9974399427962268
0.11453122422538012,0.9976712725095463
0.05361755148517865,0.9979107327334454
0.09334490705521914,0.9964760912276328
0.13660036867215564,0.9973411150849267
0.16187391796644152,0.997443424543538
0.1052712430914009,0.996831035364072
0.09582253768799957,0.9965591094682915
0.1429667698585689,0.9961647927400408
0.08928906491480659,0.9961900847679945
0.091389311069934,0.9964776297173465
0.13318360097565193,0.9956355405938359
0.07521277123908755,0.9958792842729747
0.13154856719138122,0.9960083965038509
0.16511579861083303,0.9960297456841242
0.1425975211522046,0.99627849716034
0.13695097557186625,0.9962983226095856
0.11084181209891689,0.9959825429615127
0.10553536738292416,0.9960630447399491
0.0641889933264254,0.9957320990928259
0.144659586837347,0.9963751654067983
0.11900609061775806,0.9964862336852945
0.12232317910067698,0.9966021444892158
0.06498617079033894,0.9958816555093793
0.09485092160031262,0.995648341852384
0.11231381015145667,0.995800219439088
0.06889403157896423,0.9958210372971624
0.11193059610539986,0.9958508847820136
0.17357238834534747,0.9962853381938006
0.08676223528714627,0.9961137026137049
0.13959234660948136,0.9968057024951814
0.0920564443156103,0.9970601090532591
0.1281778594913862,0.9971511668031596
0.0944222241084684,0.9973922207509002
0.11870705297700364,0.9970037247023893
0.07291265416726057,0.9967840081651568
0.09496258025666117,0.9988621770288013
0.15240317551325028,0.998334371071464
0.08089954724753083,0.9979233613122931
0.1226477771567401,0.9976290345816032
0.13781682663279965,0.9969875199971102
0.18834489904757024,0.9971357526891907
0.14555125455835416,0.9971353616776253
0.11695055917412316,0.9970973291632095
0.1385071500297084,0.9968044911649055
0.0875134168157424,0.9968918288328416
0.10993995864850106,0.9970781036081728
0.16024701995345952,0.9968513089863508
0.10094045031814387,0.9971423056494042
0.12677165228226,0.9972387467335744
0.19355025520377064,0.997242859240648
0.156451906861434,0.9974238661266502
0.15019915022829805,0.9974829460810114
0.10217567820782412,0.9971199800870899
0.1305212819284981,0.9970592201745171
0.05585584950744952,0.9966489919423811
0.16266321590383132,0.9971863171856522
0.14773996921859758,0.9971218963342157
0.1307302495343552,0.9971950209441927
0.09522747328247944,0.9968308279166253
0.0775161554316683,0.9966288491221248
0.117003345595713,0.9968482980902604
0.06212327615338172,0.9970104648888575
0.1276228333303972,0.9969461311973892
0.20633046285812204,0.9972054905155192
0.12006521429269237,0.996834369185565
0.1531901031865638,0.9970206977871507
0.1071877617500236,0.9968232118750826
0.17006997083614267,0.9971561263818896
0.123256358473614,0.9973578291969731
0.14040489875929488,0.9971412961871008
0.09493509800561496,0.9972101704397472
0.11895324013497692,0.9989567590482624
0.06369552997022757,0.9975873255958541
0.09183658630724068,0.9980162468303924
0.1382854983079838,0.99658797361624
0.15094411782134295,0.996601327288092
0.10200303329740568,0.9967928114206056
0.09568685608493233,0.9971754868226301
0.13362991529508988,0.9973798766556714
0.08264015387498137,0.9973751515840019
0.08707946630621571,0.9973454437463704
0.12661515079203656,0.9973990359892706
0.07175987303071893,0.997699112571052
0.13499960762520355,0.9977243194135907
0.15232508492111668,0.9973767482416307
0.1377756993480172,0.9974296029490611
0.1256037527045834,0.9968093641850051
0.11566222455689674,0.9969226077731654
0.10612985523772309,0.9963696435529936
0.05641055536248225,0.9968175791393488
0.1370600717805648,0.9967606819032413
0.1190958403466992,0.9972536415486358
0.11824344213592825,0.9975992647318233
0.05739600866747917,0.9970571174955093
0.10066018260642567,0.9973264813603699
0.11736516320389236,0.9974965937848956
0.07668573020949612,0.9973539546147024
0.10374780390228748,0.9972379372470637
0.16366884848407198,0.9974928658222615
0.07825209039674699,0.997051477050206
0.1364628933557334,0.9969427657156604
0.0899628605243729,0.9962786063918551
0.123924965126689,0.9965240144375828
0.08654596470548667,0.9968302610187352
0.11224110069938804,0.9963940048259751
0.07042163474550892,0.9967705465549699
0.08883839443436371,0.9985738795484067
0.08056726184851772,0.9984326916832152
0.1642621832374284,0.9975518516363624
0.13409346207497402,0.9975142805325112
0.08473905474509251,0.9974487251696728
0.08587108005566915,0.9977071831232085
0.14217016894537665,0.9976949002714297
0.11512801828306397,0.997634077166152
0.09194561845474798,0.9975809919231523
0.1074910914905918,0.9967097075199604
0.08378736168788425,0.9969842915446069
0.16983313661209185,0.9970766446014282
0.12373873924372562,0.9967056490916406
0.1453049392779983,0.9970204161799121
0.11590238996289257,0.9968737547925176
0.1619839110318176,0.9969348225426632
0.10308585961310245,0.9963465043935528
0.1153522965136298,0.9967116215577091
0.12393809767089524,0.9967104048837548
0.11677387840865595,0.9972026968428883
0.13473823796490408,0.9971327306999781
0.06835905657083646,0.9965594521812536
0.1592848208608863,0.996638632180604
0.14718346965020987,0.9968867408086525
0.1288153324055137,0.9968145169126141
0.0998503850878359,0.9968372353703188
0.1338035851845683,0.9971179774799303
0.06680493207111432,0.9968625233273296
0.1445047509380961,0.9971118918250796
0.09313337700171204,0.9969147085079004
0.09402171354077411,0.9970566138556259
0.08360119986611211,0.9973466639880211
0.1281091858943663,0.9968422839578086
0.09540293688531283,0.9970258159327628
0.09279007307780392,0.9986585667534115
0.13690568430965258,0.9988596509380893
0.16078718391807856,0.9986394372774323
0.1036403732845614,0.99753479219424
0.09534291154911169,0.9970627487449863
0.14286971715382532,0.9969639462389432
0.08934338880498653,0.9968824171074906
0.09054588142593804,0.9969162440914134
0.13220641156432628,0.9959424592545196
0.07337120417422721,0.9962023355886211
0.13199385653175916,0.9962269237161014
0.1665304618972042,0.996307501891422
0.14262103160939327,0.9967598718701072
0.13665968933525305,0.9970770823324664
0.11238043379035652,0.9965774844873928
0.10406875047044936,0.99684620310752
0.06283301009123916,0.996479793224542
0.1444666985904936,0.9967429790544707
0.11954766392858458,0.9968744366458989
0.1205166535074303,0.9963662289817117
0.0635419752948016,0.9960228707249985
0.09585937287296824,0.9957721226131117
0.11262341788876735,0.9959841544060789
0.070775188460017,0.9961616852754109
0.11224686620660056,0.9963016840417666
0.17307847656081088,0.9966229000915866
0.08450817821182793,0.9964835222792487
0.14001175522859435,0.9969062419800911
0.09102627629912088,0.9974089858146657
0.12697799337927587,0.9974374629847024
0.09495822409565616,0.9973438391265089
0.11882793644489216,0.9972406635955027
0.07394359091804492,0.9973377336574355
0.14832593693496027,0.9984312080542573
0.14259893049841205,0.9982187023201015
0.0878649205721305,0.9977851819908613
0.08899707400508966,0.9975315165541373
0.13960708068346883,0.9971352310326494
0.09578217913751212,0.9970431915724013
0.0853743495787176,0.9970499334393472
0.11495992171722429,0.9966449707670446
0.06861876064016348,0.9969374225534297
0.14949582240956563,0.9970169642198335
0.141136605685751,0.9967904448153456
0.13926089400595448,0.9973101216395405
0.12039692314098425,0.9973296069392084
0.13066151187614408,0.9972479532113866
0.09589505495649443,0.9971765114781938
0.08724794723920289,0.9972560512289443
0.12927548394226168,0.9969281264053955
0.10902311487933272,0.9973842524925616
0.12415693070020484,0.9971060278027528
0.06136991654428312,0.9966259444324991
0.12449088169019044,0.9965494218623457
0.12676146655285128,0.9967146163016286
0.09340826357336529,0.9966836057866417
0.09692740105348627,0.9968244862244592
0.14664247289010465,0.9971561736850428
0.0668529139033605,0.9972128727958232
0.1350075512129186,0.9974245625901722
0.09120065086170313,0.9970971739252936
0.10389354311238094,0.9972300818583815
0.08164240082126446,0.9970702134954879
0.1120787055795696,0.9968483971751312
0.07798213653681997,0.9970832147428675
0.17405163011708785,0.9993035041621672
0.11777867819341031,0.9981408204546672
0.09976518370347352,0.9973349899083843
0.1442044320735166,0.9967788451162829
0.08654551627714793,0.9965218371197928
0.0962439322040413,0.9965900991458931
0.14451128517960357,0.9954231788412531
0.08672040332926009,0.9957445457204115
0.12064048379011634,0.9958493322846856
0.1806868320619856,0.9959362876410632
0.14529693162909213,0.9966493088764253
0.1463485601446502,0.9970774858803944
0.1046549103703858,0.9966133641159884
0.11146640871360323,0.9968490783046366
0.049944795268440416,0.9964064004247197
0.1545169385797313,0.9965109342232183
0.13005645392478898,0.9967531459268579
0.12185649332242159,0.9963703332987148
0.07760968477089315,0.9958719591260856
0.07796144477204625,0.9953499052863608
0.1118750550525862,0.9954052775180406
0.06180566076716478,0.995911567478027
0.12086091834920716,0.9961014900532813
0.19018653017362183,0.9965233569452925
0.10210457028553677,0.9965024226484877
0.14337881144068815,0.9970420154115908
0.09557795205980751,0.9974857346826733
0.1474481704924544,0.9973617169499795
0.1059098050457797,0.9973717970077942
0.1297319839911083,0.9969793691046082
0.08033747435550438,0.9969654625980529
0.13015164885498623,0.9985242187041565
0.12547671936233487,0.9977752016805715
0.12813826967519373,0.9973107010522275
0.15972697120289295,0.9970101019255032
0.12965491837803467,0.9967667700660382
0.09743156262862285,0.9958823794438141
0.11688137308757324,0.9961841507591848
0.2099440265341454,0.9963574849886616
0.07243437331338895,0.9963881049232141
0.11837355041535672,0.9967577653567107
0.09882598257855904,0.9971363461174086
0.23508708318185528,0.9966790881269909
0.13792111825215445,0.9968735908608783
0.16797260743462156,0.9965105887420904
0.10479321848229424,0.9966628155554516
0.14867475012131587,0.9969978149337133
0.17251614742401944,0.9967115495753917
0.11610917948824716,0.996187993370771
0.22686309963276924,0.9959348294703652
0.21188053228443807,0.995985566458748
0.19678649846333215,0.9960397540855804
0.1122007421489006,0.9961564653301263
0.08992980494968794,0.9965464561372605
0.09727922511583063,0.9963371159479769
0.14911241617993506,0.9968833994378704
0.11786970914617642,0.997419515984928
0.07252514802139001,0.9975297331256152
0.09969394765880364,0.9975713987739483
0.12883993190295367,0.9972363993657437
0.13802989415489675,0.9973504895441315
0.09718710512281328,0.9983097556856915
0.12368358255805947,0.9980229247407952
0.11461501626353494,0.9979219674933472
0.08969867217165836,0.9973720062632573
0.0977405938152123,0.9961706152104952
0.08195726157625763,0.9965394030760125
0.17963001458993627,0.9966981666712791
0.09342639289048897,0.9967162804642656
0.12851245109328427,0.997039799735973
0.09992168519369703,0.9971060089287191
0.1801991982741915,0.9969126794232815
0.1017212921782887,0.9968755284337036
0.12265975659950384,0.9967814398266438
0.10513351153021368,0.9972865828522881
0.12253246701249033,0.9968432941552313
0.14461109251557086,0.9971620501869373
0.07554749096336821,0.9963413464678161
0.17305016151427843,0.9969399371558234
0.16056713372613524,0.9970655378995896
0.14407957681177058,0.9967711616799305
0.09529185477968556,0.9969121082827773
0.11067896855075968,0.9970710934328268
0.06388079493532223,0.9967227105431968
0.1426597245689082,0.996578075656231
0.09610613658166281,0.9967725987604915
0.07810487777925475,0.9969089886895459
0.07507196474072034,0.9971707515591804
0.12055547458932772,0.9968064943097363
0.10204794019247183,0.9969430122190241
0.13293376232977744,0.9987716845217384
0.09366751921435354,0.9985846225104313
0.08288275360624468,0.9985015886600744
0.10928640637536977,0.9975062520972688
0.06685515604505424,0.9970914176023754
0.15453622099829756,0.9970180805751258
0.12735729969266643,0.9968943963362455
0.13382850498796448,0.9971270955891088
0.1102971638509104,0.9972834930670352
0.13966396702129874,0.9972914221712109
0.0945342030707732,0.9968772974360978
0.09137483324071152,0.997130790973341
0.12063619169030255,0.9968891132812515
0.10657886012719348,0.9970721556004736
0.12434969082467572,0.9968305394398048
0.060583565421690806,0.9963540031568345
0.1342769973879049,0.996709643529384
0.13282505048822635,0.9967864784116077
0.1028043106775592,0.9965605585621977
0.09079296544058883,0.9964939943956016
0.13550312858842767,0.9967323944092643
0.05973750926885361,0.996315356898063
0.13306290969133716,0.9966658637623592
0.0916096815678336,0.9965548385442256
0.09594015403513437,0.9966842530622289
0.07633736545147923,0.9970310199684238
0.11073880170338708,0.9966701251912995
0.07822838775598452,0.9969355790946836
0.1014955405403241,0.9993627913075325
0.08400497755456013,0.9987352561065418
0.10438245812400004,0.997844926759028
0.07295320490132176,0.9972882957443213
0.16443066417041555,0.996715301311826
0.1058035915906874,0.9966546301480371
0.12590471218107535,0.9969427119037064
0.09059520854320047,0.996677145430463
0.15769149091211923,0.9967621178308873
0.11084091524223937,0.9963702769798176
0.09014261622702004,0.9968934462864724
0.11170625381364276,0.9970099067450461
0.11317120513514509,0.9968919566790305
0.13136471157249405,0.9967459859454583
0.06066133570786816,0.9965403117273864
0.1504152286263839,0.9972548721860883
0.15067595767477093,0.9973038127623263
0.11912357884251037,0.9969108780089891
0.08538274159477133,0.9968022242516567
0.12442880639586933,0.9968446245797037
0.059800353297469744,0.9965129318682762
0.13416104663174266,0.9960978871481091
0.09636186885713235,0.9963801723742624
0.09033582477982968,0.9963416569299312
0.0690559142092527,0.9967528095181011
0.11252508396019877,0.9963016310052536
0.08183227819212913,0.996786323990132
0.08964050461000347,0.9990646936272967
0.13316271702730448,0.9981581219944805
0.07895356044093316,0.9978509411932418
0.12829912732642215,0.9972759109942758
0.16280914729749857,0.9969769975084568
0.1386033058777744,0.997120124207134
0.12936414463095147,0.9968472495564648
0.11367722448482788,0.9968666716089027
0.11151169997581692,0.9965317492501371
0.044942833394458405,0.9969608210968813
0.14352679279247535,0.9971055288636473
0.12745499300932253,0.9970088837337661
0.11775311777810164,0.996808272258608
0.06401045478641196,0.9965230635132851
0.08910386401090321,0.9973287691683902
0.11621148521067325,0.9974446522016788
0.07290400590644182,0.9971071354778271
0.11018717078553432,0.9970786784812595
0.17446533729017957,0.9971085106667836
0.08980584654461943,0.9967546282755537
0.13890522627213514,0.9963589980737279
0.09179674024628323,0.9965001554214161
0.135479874376004,0.9965944177480589
0.09266252724602539,0.9970077702737038
0.11985150615868279,0.9965559384389394
0.0769664463495531,0.9969078300880474
0.11538118811088352,0.9988930891696067
0.062418213877896166,0.9980854233588625
0.14692812174188785,0.9976862024449361
0.1403585825180212,0.9974152017617177
0.1333479819923991,0.9970615048493746
0.11225340044810803,0.9967486673145518
0.1354768635000152,0.996829055038131
0.09878652088474912,0.9966801944909512
0.0693719921268796,0.9969784121293952
0.1259974087248139,0.9970820812466679
0.11224148506653552,0.9972392652006515
0.11911473839811784,0.9968328176737103
0.05583592647697081,0.996455602584148
0.12258006447758898,0.9967638655364643
0.13022852228448617,0.996976558768412
0.09632567428407617,0.9964093845015649
0.10099663198287004,0.9963661577012691
0.14608353899644938,0.9966505342325982
0.0682098580564155,0.996279872595
0.13533618512403045,0.9963162703474762
0.08798746963099154,0.9965644886269897
0.10448623725382485,0.9967185743009267
0.0806227388401401,0.996986499613654
0.10910114141027508,0.9966424411418595
0.07588073728025009,0.9968805940878227
0.08744038705771753,0.9990069254165952
0.18553062685477167,0.9984794138004034
0.0858612146322167,0.9980774147325144
0.12231107153553077,0.9971673955084739
0.09275310977045273,0.9962521946736111
0.1958674125524701,0.9963858575353945
0.10925898818551481,0.996344290152659
0.13154132827676995,0.9967069712330054
0.10068202747264184,0.9968884718013472
0.12407653390518628,0.9971036918688579
0.1459309452388922,0.9968982852525085
0.08138705291294243,0.9966520198524808
0.1873105029924584,0.9972314714667913
0.16965568711232967,0.9973865376242415
0.15814478790140335,0.9964897201075642
0.0913461338270316,0.9963414735357486
0.10057472497729832,0.9965103206846536
0.06425427168030903,0.9960225290333843
0.14190329002262964,0.9959439344805661
0.10266324793442697,0.9956761403726598
0.07165699075757163,0.9960259140356574
0.07722025678928512,0.9962272556527888
0.1234970363691398,0.9958319492226646
0.1101415592173644,0.9964614094762909
0.15256230351231495,0.999216902946649
0.12784480535807807,0.9988147409529213
0.1296197487840385,0.9979451719180141
0.10556656518306284,0.997006661933304
0.13868037149084805,0.9968383469917984
0.09650446906885456,0.9966590178117618
0.07934907423570996,0.996944385995337
0.11927963190439508,0.9970775326597032
0.1076125515092016,0.9971809480577543
0.12094073859350452,0.997179956399504
0.0570143320900124,0.9969378140742946
0.1308388332535238,0.9974632957696723
0.13259513487283053,0.9976306265256301
0.1009886243339638,0.9969979970920996
0.09159642090124487,0.9968482614958724
0.13556603667823505,0.9968649838272141
0.06132603462827694,0.9964028228282488
0.13128828657133293,0.9963059551463124
0.09022800979495613,0.9961279134149642
0.0964603309080834,0.9964105144523496
0.07266300770495977,0.9967774811640291
0.10838384825185016,0.9962802197382152
0.0748973979945644,0.996815600767096
0.1687517196426026,0.9991538901410851
0.14041361108130487,0.998342256105612
0.1354853195772602,0.9972489367836871
0.11029011711987288,0.9971996788537326
0.1085104972269512,0.9966483120791417
0.04729035574781033,0.9968569781121476
0.14680499613230555,0.9969885314905464
0.12440843493705186,0.9972713251459726
0.1176398575919718,0.9974215265505209
0.06767481898709647,0.9971082086689911
0.08581438590141302,0.9975134338443244
0.11263648637178232,0.9977872430980615
0.06700288115207646,0.9971464445887128
0.11377863335057647,0.9969542781646947
0.17950714522511899,0.9970806642498911
0.09119488535449059,0.9967041570130045
0.1389527596760425,0.9964709285755146
0.09287572289050502,0.9958796396904026
0.13582061585226207,0.996436806402294
0.09544739535204026,0.9966207900699584
0.12071671660770367,0.9961117562822448
0.07489073563067442,0.9966368569456893
0.1198435625709678,0.9988272300796435
0.09413843303123139,0.997823637232371
0.23652115700917517,0.9972851075357987
0.1472074925969286,0.9971980354338125
0.16492995709501715,0.9967012081175587
0.11171605517590404,0.9971245427050435
0.1553553714508098,0.9970288701384402
0.1796141914756976,0.9971324391692477
0.12217782425773097,0.9968814477693587
0.23135321258866468,0.9972007312131773
0.21699043726567616,0.9973222979133928
0.19936745979759868,0.9967486312309071
0.11406947115885092,0.9964919579594381
0.09496527082669368,0.9966898862738071
0.10602876667793074,0.9962271130856608
0.15293360217679927,0.9960825877582041
0.13067778341872155,0.9961289271223814
0.07248446916494637,0.9966344610197206
0.10232942506682383,0.9968174198757194
0.1323152515282598,0.9963214385991763
0.14178445651286106,0.9968024824303536
0.08801463157608147,0.9989514974214864
0.1974776546557272,0.9983026155728314
0.12081774110630476,0.9978121507346989
0.12918009682849055,0.997500025160692
0.09981726545195971,0.9972284310600387
0.12982051655741564,0.9970959741300894
0.15454627860532383,0.997537934694716
0.0839471943600527,0.997298695760636
0.19084245271082936,0.9972977704614228
0.1773865276111742,0.9973691440736088
0.15935560847721744,0.9970139954321146
0.09193351088960176,0.9969422480632016
0.1021590863592904,0.9968955571338901
0.07393398173935745,0.9968446046454592
0.1430538290174775,0.9966259839277432
0.10769576699663516,0.9964264145945784
0.07342117190340214,0.9968211881036275
0.07691282713247692,0.9971592422550268
0.12186430878775407,0.9965402574194083
0.11108831956284644,0.9966764131945027
0.18034538591262372,0.999169713733987
0.11833652304681432,0.9986943534866746
0.10925982098100104,0.9980901328905148
0.10468104733641574,0.9976913727543085
0.1206498367240388,0.9973531487347597
0.14303826214800375,0.9968184946709123
0.0707947271233482,0.9968614509453354
0.1730665611792384,0.9966260248290216
0.1670072693436771,0.9966921740260721
0.14205575565780432,0.997004391142383
0.09043684927843072,0.9969657780556844
0.11411098281078089,0.9969471727213027
0.06464882455721706,0.99664858056488
0.13874795604761667,0.996799109580734
0.10285658460961912,0.9967222478240336
0.08051748630291654,0.9968800638861992
0.0707157396745371,0.9973413323479405
0.11788553226041512,0.9970128648278733
0.09701593361979363,0.9972275814933469
0.1515928655051305,0.99882632807616
0.08743622308028627,0.9986132353722469
0.1921950407028794,0.9977276718295828
0.1679077134478854,0.9975346761560211
0.15178120540740517,0.9973345208119904
0.1347467581033403,0.9972943256153441
0.07083303571571566,0.9970198553354879
0.11963901518730692,0.9970726579659916
0.05281326322903639,0.9972746983758083
0.16620202016966606,0.9972124942043614
0.2513381902393166,0.9972064647255352
0.16169979964862438,0.9969818892081032
0.17025094370142363,0.996822624853104
0.13554393556725383,0.996375688746958
0.20745230243929,0.9966188918972829
0.16619151413430108,0.9969896658182468
0.16645551030344183,0.9966412453663273
0.1133346892952148,0.9968223391815616
0.08588427666106667,0.998895662002508
0.125164741360948,0.998509557422868
0.10856712732001608,0.9979632486033938
0.12238672780239684,0.9966091738166376
0.058956026796796304,0.9966903592328336
0.13021205855833487,0.9962396724838899
0.13017547961813122,0.9963043639380339
0.10068542271577809,0.9965632517507904
0.09655789610235699,0.9965807016379024
0.14132757209686692,0.9968130364009132
0.06460026617424963,0.9966510453432256
0.13196304309876794,0.9967406193928952
0.08988726831869803,0.9971173542934221
0.10088209057291524,0.9973207809521373
0.07943075225455354,0.9973109028712258
0.11240894102046275,0.9971181484481971
0.07770814682184422,0.9971769902738705
0.14791306255735476,0.998560489783168
0.1345253626263807,0.9984153714714284
0.1185635559086039,0.996953615412612
0.06885655578208305,0.9971194568430963
0.08556858311058724,0.9968925694683475
0.11967136608888808,0.9969911045756116
0.07278357086689205,0.996809743201979
0.1154046985680722,0.9968369682828024
0.18070707539842057,0.9969945098918813
0.09902892843243864,0.9969407455694792
0.141568570298349,0.9969265147881757
0.09356060108615745,0.9967375125306813
0.14330924098699077,0.9968755522927216
0.09692868227731127,0.9970829131506008
0.12604590304659008,0.9967755991690592
0.08152049237431595,0.996839568470248
0.11510431564230152,0.9988955253382912
0.13846474152110094,0.9966176456616981
0.06638911087871134,0.9966799700319737
0.15918321981156397,0.9970534192077379
0.15246095870775764,0.9971818701206113
0.1287973952719638,0.9968969869893392
0.08737773521267515,0.9968351600792019
0.11577465194754027,0.9971959582711608
0.0620244937964744,0.9968414727471978
0.13673092537992287,0.9964391883224014
0.09779901762163219,0.9968345652925491
0.08042344447416173,0.9969737045389347
0.06542056972820438,0.9971481105595296
0.11450861062486888,0.9970451307222872
0.08898765700997593,0.9971237609900233
0.1256111838027684,0.9970513912664457
0.05867499035078307,0.9968147025307152
0.13897338737962503,0.9966860156839868
0.13674597975986663,0.9968393399780228
0.10766469731887898,0.9966408558610883
0.0882499283315423,0.9965594362196064
0.12821264471823485,0.9970214979699058
0.05732688664212056,0.9967086664452297
0.13286150130604754,0.9972597343267203
0.09238418137004464,0.9971916330652456
0.09104466186100964,0.9973950956506382
0.0712373899548849,0.9975204265526264
0.11074917961636954,0.9972919381660544
0.07955458253723958,0.9971993203581971
0.061617961476802645,0.9986623490079112
0.14635112259230015,0.9983117222328467
0.14482832401509924,0.9982110396626959
0.1169863693800318,0.9973395754741433
0.09094562325933732,0.9969683065356916
0.12637434477412823,0.9971986683276851
0.05928293105574445,0.9971067986600387
0.13372094624785597,0.9969517390163822
0.09338436874902908,0.9963149622421805
0.09284478133513133,0.9966359508323741
0.07636202901011044,0.9968838012651164
0.11460617581914243,0.9963635311731389
0.08542892971366249,0.996254519007128
0.1287214186991414,0.9984345158051736
0.13081436187846632,0.9982370072283765
0.09903559079632863,0.9979195236611336
0.09242325869670709,0.9974673718414594
0.13758165799972133,0.9973883291581719
0.06165293888722508,0.9973050936754522
0.13141218091521015,0.9967062365737567
0.09037176310812087,0.9960436431638737
0.09857902668629073,0.9961622258234416
0.073623925573708,0.9965479309462288
0.10800902622184708,0.9960817707728566
0.07531930500013613,0.9961927978862535
0.1189722022475869,0.9993903951878147
0.0543302322378336,0.998540309172663
0.16197795334103135,0.9980185149204238
0.24611560162267,0.9976816785952504
0.1566176331631975,0.9969550997893489
0.16542655944958623,0.9962428868851104
0.13094523889218984,0.9956052013404333
0.20174380968701305,0.9958627857883414
0.16126655381220142,0.9961040285667354
0.16321587180074407,0.9958060306920627
0.10980920975716003,0.996270493597152
0.05367635965874604,0.9989892059772112
0.14221424304495653,0.9985023631737001
0.22583216288198488,0.9981424182703085
0.136290760934845,0.9975316663789816
0.15566850255363923,0.9963863241860887
0.11434006563069044,0.9956135274194675
0.18152379152566528,0.9958755394594077
0.14028875581955885,0.9961781351111048
0.1506766623478747,0.9958913825691128
0.09880689234356656,0.9964442291506936
0.13484131242162514,0.999457680700564
0.21781086894201343,0.9987980706995448
0.1285566533152467,0.9982111913160703
0.152700995991371,0.9971957749494937
0.1088989002294992,0.9961462776099927
0.17572176943416348,0.9961086726557361
0.13264836972275915,0.9964339939511282
0.14575599412558876,0.9961009426665037
0.0957773745481684,0.9966254074651082
0.11727906496285252,0.9992496110490798
0.055560911782935055,0.9987093185935912
0.1353710344120704,0.9977397572688905
0.09687198812305511,0.9965225713498252
0.08238800902622186,0.996138171309136
0.07230650717565419,0.9964860044441362
0.11495127345640554,0.9960931792913138
0.08954934553485489,0.9964757516495903
0.11225833315983429,0.999338357677816
0.15303994375427407,0.9983375951234552
0.13424849015779872,0.9970608855887613
0.08161607167166078,0.9968308287907891
0.1101875551526818,0.9968224358444192
0.1391894017165196,0.996515799306736
0.15580450446266272,0.9969090455725298
0.13621484842321385,0.9988006291876451
0.09437866249841849,0.9974567076221585
0.08394610531980147,0.9971755293433747
0.07230157446392797,0.9969634798028904
0.11527228408575868,0.9962271213469424
0.09042147459253075,0.9963714182839166
0.0973755090862792,0.9985395375056612
0.08200690899947627,0.9980785913851266
0.06491813780523156,0.9978312035334224
0.11329964782360108,0.9971713916952151
0.08682539962171867,0.9965998177906218
0.0970318207952236,0.9992118715613956
0.07685209712317206,0.9988459388229328
0.11089684066220055,0.998398013177732
0.07831916246398558,0.9975927641607022
0.08244886715790922,0.999139353145003
0.12338262308156751,0.9986743873884634
0.1171016795242816,0.9979156442683816
0.1145415380771713,0.9990762814601094
0.09028906011021728,0.9984627785441429
0.08597120769759271,0.9988517597753603
