FC_L1,SC_correlation
0.00269362659513922,0.9992206201398978
0.0007873961777376538,0.9987694282753293
0.0321213870623564,0.9981739700997112
0.01334908774911908,0.9974477728429533
0.02614206583746964,0.9973139200554348
0.006576320655293344,0.9970912626618575
0.0028623445689484046,0.9967825013887122
0.02607038910492515,0.9971902540700576
0.021616413883621562,0.9968524491824824
0.024073280924366,0.9963351780573808
0.007433356976395299,0.9972327142952973
0.020044728763775943,0.9969360311421721
0.006033230365440345,0.9970873577069744
0.02719313022403741,0.996918820952361
0.003164498387001835,0.9968266475382744
0.0029730452444773348,0.9968969653344576
0.00706371696240099,0.9972467992869604
0.007911046818629473,0.9973694377013171
0.01309916514233056,0.9968499677036899
0.01857508681613823,0.996597624229971
0.02395136261163283,0.9966351303968484
0.0004871271682253542,0.9968024237193664
0.004375880532041854,0.9967358745634621
0.010124069078976228,0.996724898839164
0.0001068685433927019,0.9966625054454493
0.012412262621803947,0.9965683495722213
0.003472671169137964,0.996625484351891
0.007588402849681376,0.99646991802724
0.020126682953942432,0.996265148857252
0.010281038740042492,0.996731196346414
0.0013261318755419247,0.997005127067977
0.011084165324983353,0.9962329201985968
0.008298679664183238,0.9968142248908752
0.0046443613488365565,0.9971797195433107
0.02502335124263616,0.9967359560615888
0.03279992926408398,0.9974073040136355
0.017114245649320237,0.9971845027758888
0.0037819218820935854,0.9968590839506593
0.0016270101517626978,0.9966696077736255
0.008603321313382706,0.9969403875221966
0.030658891815199985,0.9969905542150269
0.007474560869069335,0.9971235125958896
0.005452862891548171,0.9969001129900951
0.015644051520686486,0.9970734301962236
0.02029355004283512,0.9971624507534647
0.03417114544131017,0.9963898216598189
0.026789376451128832,0.996652566688724
0.01806544272444288,0.9964741591755165
0.02085172689748216,0.9968026320354045
0.02466811514642586,0.9970704729568717
0.01168218426837253,0.9972160169341792
0.01340230068318038,0.9967551278089578
0.015736776223343518,0.9968696431420091
0.02141610285147466,0.9967974220945394
0.026885297952964515,0.9969890527928528
0.005161358323779841,0.9970266801657498
0.005387544586741122,0.9967486503891712
0.000225421611767862,0.99645443477806
0.005491747581641393,0.9963331518648167
0.006990030559575089,0.9963174462858457
0.01649464513248089,0.9962362592678897
0.02947682873692692,0.9960819245884904
0.018355074166050755,0.996146231609826
0.00899684560056002,0.9960025157812614
0.022807555955375088,0.9964014897826787
0.005591110459176318,0.9970797226122344
0.0033600950248377504,0.9971269644273901
0.024611357508493917,0.9975080064217896
0.0060279009788593565,0.9975558928614529
0.0074698214828602385,0.9970815130445507
0.0034810227728768735,0.9992670105015392
0.03481501365749562,0.998578121257215
0.016042714344258302,0.9977673349616819
0.02883569243260886,0.9975759534681296
0.009269947250432562,0.9970484540634589
0.00016871797380918485,0.9966908452784113
0.023376762509785928,0.9971296877237834
0.018922787288482346,0.9969518550446994
0.021379654329226783,0.9964975317646751
0.00473973038125608,0.9972142462634733
0.017351102168636723,0.9969168842428316
0.003339603770301125,0.9969013027078771
0.029886756819176626,0.9969948972026861
0.0004708717918626149,0.9969445394854333
0.0002794186493381145,0.9970056157952115
0.00437009036726177,0.9972958511679569
0.010604673413768693,0.9974240437152221
0.01579279173746978,0.9967956551983593
0.01588146022099901,0.9967082407221814
0.021257736016493608,0.9968258915198688
0.002206499426913866,0.9970788080863128
0.0016822539369026335,0.9969711877747855
0.012817695674115448,0.9969527083021997
0.002800495138531922,0.996989823445528
0.015105889216943167,0.9968979881470951
0.006166297764277184,0.9967709755846184
0.004894776254542155,0.9965417604030528
0.02282030954908165,0.9963966089178429
0.012974665335181712,0.9969110883106451
0.004019758470681145,0.997206413028744
0.00839053872984413,0.9966498417022698
0.01099230625932246,0.9971201918075197
0.007337987943975776,0.9973955312546969
0.02232972464749694,0.9967832288890922
0.03010630266894476,0.997352890811513
0.019807872244459457,0.9971304766162584
0.001088295286954366,0.9968605202639756
0.004320636746901918,0.9966337702189488
0.005909694718243486,0.9970573142743678
0.027965265220060764,0.9971371013059273
0.004780934273930115,0.9970823801912739
0.002759236296408951,0.9967205465905382
0.012950424925547264,0.996964764569582
0.017599923447695898,0.9970686147755357
0.03147751884617095,0.9964053579360643
0.02409574985598961,0.9966462184635155
0.01537181612930366,0.9967896356960205
0.018158100302342935,0.9968851549153661
0.02197448855128664,0.9973575969008266
0.00898855767323331,0.997156134417328
0.01070867408804116,0.9966631331400656
0.018430402818482735,0.9966583647243052
0.01872247625633544,0.9966867594708783
0.02419167135782529,0.9968744114008639
0.007854984918919061,0.9969591064100086
0.008081171181880342,0.9969510350634551
0.0029190482069070822,0.9966250757556984
0.0027981209865021728,0.9964862766073861
0.004296403964435869,0.9967167881111434
0.013801018537341668,0.9964172889275944
0.026783202141787695,0.9962086170406436
0.015661447570911535,0.9962332773475758
0.0063032190054208015,0.9961557104915408
0.02011392936023587,0.9964653012629837
0.002897483864037098,0.9970237249511936
0.0006664684296985302,0.9973065080531306
0.02191773091335469,0.9975632368062137
0.0033342743837201367,0.9975062762672845
0.004776194887721019,0.9970567963202132
0.031333990884618745,0.9991321141025197
0.012561691571381428,0.9984120187453873
0.025354669659731988,0.9982427261539558
0.005788924477555689,0.9976631679464067
0.0036497407466860583,0.9969170051791344
0.026857785282662805,0.9971042277862714
0.022403810061359216,0.9972479712098784
0.024860677102103657,0.9968846733766008
0.008220753154132954,0.9976016194367917
0.0208321249415136,0.9972425119655373
0.006820626543177999,0.9967792806735923
0.026405734046299756,0.9967577205619701
0.003951894564739489,0.9966620261976613
0.003760441422214989,0.9967562970525331
0.007851113140138644,0.9971361658458406
0.007123650640891821,0.9972545420267955
0.012311768964592906,0.9964854016187212
0.019362482993875885,0.9962618262638365
0.024738758789370485,0.9964903533051616
0.0012745233459630079,0.9967447256739641
0.005163276709779507,0.99666877306072
0.009336672901238574,0.996702503755296
0.0006805276343449518,0.9968008389076984
0.011624866444066295,0.99691790593849
0.0026852749914003105,0.9965136989493181
0.008375799027419027,0.9962725435040942
0.019339286776204775,0.9964104578228643
0.009493642562304838,0.9968650846588578
0.0005387356978042712,0.9970166763910675
0.011871561502721006,0.9964149310595379
0.007511283486445586,0.9972058309011923
0.0038569651710989032,0.997207178916734
0.02581074742037381,0.9963969108160973
0.03358732544182164,0.9970235425301529
0.016326849471582583,0.9971912004941923
0.00456931805983124,0.9966013978139315
0.0008396139740250441,0.9968302384472658
0.00939071749112036,0.9970223067460077
0.03144628799293764,0.996870866656248
0.00826195704680699,0.9965935964905848
0.006240259069285825,0.996269877276124
0.01643144769842414,0.9965201516720033
0.021080946220572768,0.996747112434408
0.03495854161904782,0.9960910410622142
0.02757677262886649,0.996107197459692
0.018852838902180532,0.9962018304553028
0.02163912307521981,0.9964043214911853
0.025455511324163516,0.9968495720598473
0.012469580446110184,0.9969521012313955
0.014189696860918031,0.9964819859811219
0.014949380045605865,0.9965543334098568
0.022203499029212315,0.9962684850987404
0.02767269413070217,0.9965165720070749
0.004373962146042187,0.9968253879771181
0.004600148409003468,0.9966075946337416
0.0005619745659697917,0.996264504973956
0.0062791437593790475,0.9957083434104259
0.007777426737312743,0.9959985054073593
0.017282041310218543,0.9960021641920902
0.03026422491466457,0.9960091368569016
0.01914247034378841,0.9962068938471341
0.009784241778297677,0.9961417543584584
0.023594952133112745,0.9967262272759265
0.006378506636913972,0.997320802719126
0.004147491202575404,0.9973557747626797
0.025398753686231568,0.9975462490728184
0.006815297156597011,0.9977103126231441
0.008257217660597893,0.9970135773476573
0.01877229931323732,0.9988622450532264
0.005979321224886758,0.9987574637844968
0.02554506640706305,0.9981855777334515
0.034983731631304804,0.9973629838432858
0.05819177616728155,0.9970553751813449
0.053737800945977965,0.9971491239188061
0.0561946679867224,0.9966664762435072
0.0395547440387517,0.997284646529363
0.052166115826132335,0.9969633760786328
0.03815461742779674,0.9969478334526544
0.0049282568383189895,0.9968933494090547
0.035285885449358234,0.9966889939814336
0.035094432306833734,0.996767184151307
0.03918510402475738,0.9972064247277238
0.024210340243726924,0.997278104734514
0.01902222192002584,0.996498088182672
0.05069647387849463,0.9962444655878918
0.05607274967398923,0.9964469005935802
0.03260851423058175,0.9967576792945025
0.036497267594398246,0.9967688417602354
0.021997317983380168,0.9968838642895098
0.0320145185189637,0.9970953775989992
0.019709124440552447,0.997175541056044
0.028648715893218435,0.9967838023997877
0.03970978991203777,0.9963401415486792
0.011994704108413967,0.9965664441034928
0.021840348322313907,0.9969401057642344
0.030795255186814478,0.9970316146985176
0.04320555238733975,0.9964744791265162
0.02382270739817316,0.9971411597483568
0.02747702571351984,0.9971442635633608
0.05714473830499256,0.9963423517725173
0.06492131632644038,0.9969247240155008
0.015007141413036162,0.9972231546371149
0.035903308944449985,0.9967206186517
0.0304943769105937,0.9967535755403744
0.040724708375739105,0.9969786502115728
0.06278027887755638,0.9967095367992496
0.03959594793142573,0.9966688544497431
0.03757424995390457,0.9962407240591856
0.047765438583042885,0.9963466508580928
0.05241493710519152,0.996573106580257
0.06629253250366657,0.9960899764425863
0.05891076351348523,0.9962417371961058
0.05018682978679928,0.9963440241562835
0.05297311395983856,0.9966538081501009
0.056789502208782254,0.9967246472255709
0.04380357133072893,0.9968418219663374
0.04552368774553678,0.996389502454844
0.01638461083901288,0.996595665102668
0.05353748991383105,0.9963729906327299
0.059006685015320914,0.996614072356241
0.02696002873857656,0.9966284264758589
0.02673384247561528,0.9964830722406264
0.03189596545058854,0.9964313823923232
0.03761313464399779,0.9956766085450912
0.03911141762193149,0.9960929199746433
0.04861603219483729,0.9959558869164672
0.06159821579928332,0.9959428116946792
0.050476461228407155,0.9963180588108258
0.041118232662916414,0.9962689424166083
0.05492894301773149,0.9966445579575796
0.03771249752153272,0.9973244958643704
0.03548148208719415,0.9971265882621904
0.05673274457085031,0.9973891806696954
0.03814928804121576,0.9976276698211101
0.03959120854521664,0.9971688019403661
0.01279297808835056,0.9992411063603752
0.006772767093825738,0.9989546413378022
0.016211432318067487,0.9977322351788125
0.03941947685404423,0.9973641277994568
0.03496550163274065,0.9970121519347792
0.037422368673485085,0.996544726283056
0.02078244472551438,0.9974247097857194
0.033393816512895025,0.9975402658279123
0.019382318114559424,0.9968192384300413
0.013844042474918328,0.996855286877588
0.016513586136120917,0.9966126222396995
0.016322132993596417,0.9967389637399977
0.02041280471152007,0.9972039070809608
0.005438040930489607,0.9970339362317987
0.00024992260678852185,0.9961436465139395
0.03192417456525731,0.9959594840856272
0.03730045036075191,0.9960876135833628
0.013836214917344436,0.9962783693926851
0.017724968281160935,0.9962878788528247
0.003225018670142854,0.9962977201462944
0.01324221920572638,0.9967025878688832
0.000936825127315133,0.9967599008059111
0.009876416579981118,0.9964145598691356
0.020937490598800457,0.9961513892093085
0.00677759520482335,0.9963541859102301
0.0030680490090765895,0.996715659554788
0.012022955873577155,0.9969789236174237
0.024433253074102435,0.996179586655144
0.0050504080849358415,0.997502566036055
0.008704726400282525,0.9969515055867472
0.03837243899175524,0.9960982384877377
0.04614901701320306,0.9966645045253149
0.0037651579002011544,0.9974478228707283
0.017131009631212668,0.9964389026664935
0.011722077597356384,0.9971600731743786
0.021952409062501788,0.9973457848255876
0.044007979564319066,0.9966331294143299
0.020823648618188417,0.9964801570965216
0.018801950640667253,0.9960052876036961
0.028993139269805568,0.9962495377744701
0.0336426377919542,0.9965840460777794
0.04752023319042925,0.995721872426562
0.04013846420024792,0.9957897478411667
0.031414530473561963,0.9958372333937752
0.03420081464660124,0.9960777894390768
0.038017202895544944,0.9962353492604055
0.02503127201749161,0.9966804892064256
0.02675138843229946,0.9962306262324627
0.0023876884742244364,0.9964068761820531
0.03476519060059374,0.9962406593944435
0.0402343857020836,0.9965051477512592
0.00818772942533924,0.9966910599718593
0.007961543162377958,0.9962907316225441
0.01312366613735122,0.9959185253777572
0.018840835330760475,0.9953527001523597
0.020339118308694167,0.9958044405429692
0.029843732881599968,0.9957632011608488
0.042825916486046,0.9957595799243468
0.03170416191516984,0.9961747095090736
0.022345933349679103,0.9959766126343709
0.03615664370449417,0.9966129099706317
0.0189401982082954,0.9972144420767941
0.016709182773956832,0.9970336056274627
0.037960445257613,0.9972574610870274
0.01937698872797844,0.997331698714046
0.02081890923197932,0.9969596723189648
0.019565745182176297,0.9990543399442866
0.029004410406418046,0.9982528926270541
0.05221245494239479,0.99793874814749
0.04775847972109121,0.9975908226080515
0.05021534676183565,0.9968321269132233
0.03357542281386494,0.9975949975491673
0.046186794601245584,0.9972579154029108
0.032175296202909986,0.9970538123600707
0.0010510643865677682,0.9971276289151764
0.02930656422447148,0.9968667749424435
0.029115111081946976,0.9970942950418301
0.03320578279987063,0.9974946188265059
0.018231019018840167,0.9972887748832104
0.01304290069513908,0.9964003891630456
0.04471715265360787,0.9961972636469598
0.05009342844910247,0.9963540979705984
0.026629193005694995,0.9965585059713603
0.03051794636951149,0.9967264670031296
0.016017996758493414,0.9966937136774852
0.026035197294076936,0.9971505520902602
0.013729803215665692,0.9970987662320688
0.02266939466833168,0.9968114978911848
0.033730468687151016,0.9965056877932856
0.006015382883527209,0.9967218676860679
0.01586102709742715,0.9970514752227848
0.02481593396192772,0.9972030459712825
0.037226231162452994,0.9964572684911984
0.0178433861732864,0.9971220462011395
0.021497704488633085,0.9970881730175709
0.0511654170801058,0.9963405881219046
0.05894199510155362,0.9969952079726729
0.009027820188149405,0.9973241855069016
0.029923987719563228,0.9969221014795987
0.024515055685706943,0.9970620796929338
0.03474538715085235,0.9972682358489408
0.056800957652669626,0.9969173041920064
0.03361662670653898,0.9966701621420232
0.031594928729017806,0.9963799935187939
0.04178611735815613,0.9965340446765344
0.04643561588030476,0.9966739202487651
0.06031321127877981,0.995862682728875
0.052931442288598474,0.9959021840319161
0.04420750856191252,0.9958704463648879
0.0469937927349518,0.9960709779428419
0.0508101809838955,0.9964032301197309
0.037824250105842165,0.9968850013959578
0.039544366520650014,0.9964701963678787
0.010405289614126125,0.996641917577945
0.0475581686889443,0.9965054957012489
0.05302736379043416,0.9965911817425731
0.0209807075136898,0.9968561133054584
0.02075452125072852,0.9964547416270253
0.025916644225701776,0.9962430658895293
0.031633813419111034,0.9956205844473107
0.03313209639704473,0.9960094538310829
0.04263671096995053,0.9960492150874801
0.05561889457439656,0.9961174854002435
0.0444971400035204,0.9965413095153398
0.03513891143802966,0.9963731372476323
0.048949621792844726,0.9969126487892298
0.03173317629664596,0.9974603726126541
0.02950216086230739,0.9973535730589683
0.05075342334596356,0.997545473274573
0.032169966816329,0.9976807272095347
0.03361188732032988,0.9974010524850616
0.009438665224241747,0.9985973901587591
0.032646709760218495,0.9981472941237894
0.028192734538914906,0.9980435376619494
0.030649601579659343,0.9971848655614216
0.014009677631688644,0.9976730467625806
0.026621049419069287,0.99773595713822
0.012609551020733687,0.9971268463816608
0.020616809568744066,0.9972526326020182
0.00974081904229518,0.9967656336555336
0.009549365899770679,0.9969388791203413
0.013640037617694332,0.9973895046624942
0.0013347261633361307,0.9972571211270392
0.006522844487037216,0.9963943036910261
0.02515140747143157,0.9960602381440019
0.030527683266926172,0.9962760492092242
0.007063447823518697,0.9965159002700379
0.010952201187335196,0.9966291894762704
0.003547748423682884,0.996641201961012
0.006469452111900641,0.997049357664124
0.005835941966510605,0.9971579185244922
0.00310364948615538,0.9969537984409672
0.014164723504974717,0.9965821991657312
0.013550362298649088,0.9967780211271872
0.003704718084749148,0.997195192838416
0.005250188779751419,0.9973116588670762
0.017660485980276697,0.9963348944044381
0.0017223590088898955,0.9974582388471923
0.0019319593064567877,0.9969019456242312
0.031599671897929504,0.996215436235384
0.039376249919377326,0.9969235269421152
0.010537924994026893,0.9977036650200605
0.01035824253738693,0.9968703434116961
0.004949310503530646,0.9976940002720408
0.015179641968676048,0.9978140422340688
0.03723521247049333,0.9968363174684881
0.01405088152436268,0.9966396048134426
0.012029183546841515,0.9962736161607728
0.022220372175979834,0.9964381658273245
0.02686987069812846,0.9964671046396602
0.04074746609660351,0.9956182064840448
0.033365697106422176,0.9958151678833005
0.024641763379736226,0.9958783302876579
0.027428047552775503,0.9960702767560944
0.031244435801719202,0.9963468308046803
0.018258504923665875,0.9969553855822275
0.019978621338473723,0.9964040723745645
0.009160455568050174,0.9965564577602535
0.027992423506768005,0.9964686099349662
0.03346161860825786,0.9965894003518184
0.0014149623315135027,0.9969252992654141
0.001188776068552222,0.996402306188052
0.006350899043525482,0.996221385013556
0.012068068236934735,0.9956394554423987
0.013566351214868431,0.9959365100692723
0.023070965787774237,0.9962439726340414
0.036053149392220256,0.9962336652922897
0.024931394821344096,0.9966984492129471
0.015573166255853364,0.9964482264916669
0.029383876610668436,0.9970025429099426
0.012167431114469662,0.9975130581303133
0.009936415680131094,0.9972131164276233
0.031187678163787255,0.9975675638512582
0.0126042216341527,0.9974715488243454
0.014046142138153583,0.9973190578473704
0.023208044535976743,0.9990469533075411
0.01875406931467316,0.9987334319613556
0.0212109363554176,0.9978305200855312
0.004571012407446895,0.9975718687352234
0.017182384194827535,0.9968638148269225
0.00317088579649194,0.997281381541306
0.03005547479298581,0.9974063735009661
0.00030215381805343,0.9975577781167042
0.0001107006755289297,0.9975918429880538
0.004201372393452585,0.9978647651624653
0.01077339138757788,0.9974516205232026
0.015961509711278965,0.9967311676007751
0.015712742247189822,0.9966041714431425
0.021089018042684423,0.9966789292186145
0.002375217400723051,0.9969873211826519
0.0015135359630934486,0.9970003761697654
0.012986413647924633,0.997310912586906
0.002969213112341107,0.9971362413227518
0.015274607190752352,0.9972986383548973
0.006335015738086369,0.997310755731305
0.00472605828073297,0.9972056531799485
0.02298902752289084,0.9974473651037972
0.013143383308990895,0.9974420834586286
0.00418847644449033,0.997632756417452
0.008221820756034948,0.9975860547982448
0.011161024233131644,0.9968597858683095
0.0075067059177849615,0.9973541163472499
0.022161006673687755,0.9969648715127561
0.029937584695135577,0.9968709052960274
0.01997659021826864,0.9969768936031165
0.0009195773131451811,0.99721380421642
0.004489354720711103,0.9968334712769693
0.005740976744434301,0.9971072834889992
0.027796547246251576,0.997036761567136
0.0046122163001209296,0.996491024377367
0.0025905183225997663,0.9968654480310757
0.01278170695173808,0.996939015404795
0.017431205473886713,0.9964672791507465
0.031308800872361764,0.9963880849217615
0.023927031882180427,0.9966624373137616
0.015203098155494477,0.9965114371128094
0.01798938232853375,0.9967338945486504
0.021805770577477457,0.9969361737259816
0.008819839699424124,0.9972081096295385
0.010539956114231974,0.9967110683154342
0.018599120792291923,0.9968945264881304
0.018553758282526252,0.9967182579154158
0.024022953384016114,0.9973085819991824
0.008023702892728246,0.9972852307338255
0.008249889155689527,0.9969937636958056
0.003087766180716267,0.9967435174781741
0.002629403012692988,0.9968827929133449
0.004127685990626684,0.9971608602824628
0.013632300563532485,0.9972644677184017
0.026614484167978517,0.9971796327789965
0.01549272959710235,0.9974543500666189
0.006134501031611617,0.9972699331960256
0.019945211386426687,0.997234804601889
0.002728765890227913,0.9972314887484744
0.0004977504558893453,0.9970281636780249
0.02174901293954551,0.9973596864072029
0.0031655564099109523,0.9970946007333603
0.0046074769139118335,0.9971376543377616
0.0044539752213035855,0.9991761657482131
0.0019971081805591484,0.9983803769147507
0.018637032128529848,0.9980199500945816
0.006025660341149208,0.9972813087627219
0.02003715873948481,0.9974426921738557
0.05326351932896256,0.9975249843778004
0.02290589071792332,0.9974331018174659
0.023097343860447817,0.9972615638757709
0.01900667214252416,0.9975141113784691
0.033981435923554626,0.9975382478446282
0.03916955424725571,0.9972660309607002
0.00749530228878692,0.9970399764974733
0.00211902649329232,0.99714623175015
0.0255832619366998,0.9975104563026596
0.021694508572883298,0.9974903985631552
0.03619445818390138,0.9973623035577799
0.026177257648317853,0.9976414194675984
0.03848265172672911,0.9971779036945024
0.029543060274063115,0.9973778247931184
0.018481986255243776,0.9973425037048745
0.04619707205886758,0.9971933239586817
0.03635142784496764,0.9977559906783777
0.02739652098046708,0.9980125321052687
0.014986223779941799,0.9975304158823959
0.03436906876910839,0.997089092320601
0.030714750453761708,0.9977012324074112
0.0010470378622889909,0.9975825158966323
0.006729540159158831,0.9974973537079121
0.04318463475424538,0.997263509814535
0.022288467222831565,0.9976735375324312
0.02769739925668785,0.9969628092187206
0.017467067791542445,0.9972019996798909
0.004588502710274832,0.9971500545717795
0.018595828235855812,0.9970295649050928
0.020617526213376976,0.9971808429788557
0.010426337584238663,0.9971300462729399
0.0057768390620900325,0.9971036727731863
0.008100756336385018,0.9970075949503091
0.000718987346203681,0.9971815271444697
0.00800494638048227,0.9970070753876904
0.005218662207442992,0.9972129660838
0.0014022739584992892,0.9975424051209046
0.01438820483655262,0.9974240401439136
0.012668088421744772,0.9970122417413053
0.04180716532826866,0.997209056448425
0.004654286253450489,0.9972366412488552
0.000814908848039364,0.9974083034643085
0.031231747428704992,0.9978094786851223
0.03145793369166627,0.9973321897636328
0.026295810716693013,0.996758851784568
0.02057864152328376,0.9969209857002873
0.019080358545350062,0.9971376905118472
0.00957574397244426,0.9970781422731347
0.0034064396320017676,0.997059792206404
0.007715314938874395,0.9973027253341896
0.01707354350436513,0.9970308274755116
0.0032628331495500595,0.9973799555238314
0.020479278645748833,0.997363286614706
0.0227102940800874,0.9971292928227825
0.0014590315964312373,0.9975335053828147
0.020042488126065797,0.9973663760162684
0.018600567622064912,0.9973326126024498
0.0024568670407444366,0.9989934628793011
0.014183056907226264,0.998344729218036
0.0015716851198456228,0.9974940701572719
0.01558318351818122,0.9975908836908209
0.048809544107658975,0.997436910389828
0.018451915496619727,0.9970614118060938
0.01864336863914423,0.9969867642174212
0.014552696921220576,0.9973375079540384
0.02952746070225104,0.9975390067365943
0.034715579025952126,0.9969275146031232
0.003041327067483335,0.9967097057877704
0.0023349487280112657,0.996887338774544
0.021129286715396208,0.9973805493843526
0.017240533351579712,0.9973458467390253
0.031740482962597794,0.9972187127955155
0.021723282427014268,0.9975559939868215
0.034028676505425515,0.9971807310355666
0.025089085052759526,0.9970974451424705
0.01402801103394019,0.9970747951456445
0.041743096837564,0.9973173905914752
0.03189745262366406,0.997832806948684
0.022942545759163487,0.9979873342669127
0.010532248558638211,0.9974655965860983
0.029915093547804805,0.9969297592703585
0.02626077523245812,0.9974756203325129
0.0034069373590145946,0.9971259620469216
0.011183515380462417,0.9970671637578192
0.0387306595329418,0.997104607340834
0.01783449200152798,0.997333937530647
0.023243424035384264,0.9971110272821918
0.01301309257023886,0.99710965399238
0.009042477931578417,0.9966924880801052
0.01414185301455223,0.9965722429956151
0.016163550992073394,0.9967221224859154
0.00597236236293508,0.9967780671712305
0.001322863840786448,0.9965560500261818
0.012554731557688603,0.9964989582418048
0.005172962567507267,0.996767555619612
0.003550971159178684,0.99653303410946
0.0007646869861394067,0.99681315719046
0.003051701262804296,0.9976008401527545
0.009934229615249037,0.997614152454245
0.008214113200441185,0.997053337232219
0.03735319010696509,0.9971083623854451
0.0002003110321469048,0.9969526565715062
0.0052688840693429495,0.9968825529884776
0.026777772207401407,0.997366002411974
0.027003958470362688,0.9970107447832077
0.021841835495389428,0.9969224341488931
0.016124666301980173,0.9964087983602716
0.014626383324046475,0.9966984380463069
0.005121768751140676,0.997064591858474
0.007860414853305353,0.9972033722914456
0.0032613397175708103,0.99731499239614
0.012619568283061544,0.9972509241902319
0.001191142071753526,0.9975149059818073
0.016025303424445247,0.9974344456041233
0.018256318858783812,0.9970606705685776
0.002994943624872348,0.9976175045383168
0.015588512904762208,0.9969955020400311
0.014146592400761326,0.9970237687495358
0.016639923947970703,0.9986626003450365
0.00402855216059006,0.998192973034534
0.018040050558925658,0.99801039143915
0.051266411148403405,0.9977102026929933
0.020908782537364168,0.9971206621401832
0.021100235679888668,0.996957670075781
0.017009563961965013,0.9968617515172504
0.03198432774299548,0.9969962704028426
0.03717244606669656,0.9970610919184848
0.005498194108227772,0.9969094503056457
0.00012191831273317132,0.9970355524639511
0.02358615375614065,0.9973345473113276
0.01969740039232415,0.9972971344151856
0.03419735000334223,0.9971618142135146
0.024180149467758705,0.9970451889369453
0.03648554354616995,0.9967831659226936
0.027545952093503967,0.9970433994695916
0.016484878074684628,0.9969926491452104
0.044199963878308435,0.9967268007451325
0.034354319664408495,0.9973756392754253
0.025399412799907928,0.9975048036107954
0.01298911559938265,0.997060398539841
0.03237196058854924,0.9964930293199185
0.02871764227320256,0.9969897903058788
0.0009500703182701576,0.9971532949253816
0.00872664833971798,0.996803224269309
0.04118752657368624,0.9965377190274108
0.020291359042272417,0.9969899630191635
0.0257002910761287,0.9964036187191304
0.015469959610983295,0.9964216392095181
0.006585610890833982,0.996153386071571
0.016598720055296667,0.9963618246617267
0.01862041803281783,0.9964359748915197
0.008429229403679517,0.9966188918920218
0.003779730881530885,0.9963291236367656
0.010097864516944166,0.996505429450232
0.002716095526762829,0.997020882649
0.006007838199923121,0.9967502196329994
0.003221554026883844,0.9964969687224255
0.000594834222059859,0.9971451151014291
0.012391096655993472,0.9971091703171288
0.010670980241185624,0.9970337817329848
0.03981005714770952,0.9966072334431126
0.0026571780728913415,0.9969357546547823
0.0028120170285985124,0.9965339759216288
0.029234639248145844,0.9972818162308273
0.029460825511107125,0.9969600690265074
0.024298702536133865,0.9969858234671389
0.018581533342724606,0.9965296154669309
0.01708325036479091,0.996769963822001
0.007578635791885113,0.9971247565036931
0.005403547812560916,0.9973360480403674
0.005718206758315247,0.9973238055191774
0.01507643532380598,0.9973483214474792
0.0012657249689909111,0.9975470704326301
0.018482170465189685,0.9971293126948787
0.02071318589952825,0.9967527887565707
0.0005380765841279112,0.9971632568001043
0.018045379945506645,0.996756060579236
0.016603459441505763,0.9966256689625376
0.012611371787380645,0.9990187282438832
0.0014001266109549548,0.9981762356406546
0.03462648720043271,0.9977993711676537
0.004268858589393465,0.9971423118195518
0.004460311731917964,0.9966528155892371
0.00036964001399431007,0.9970872285950163
0.015344403795024775,0.9970481287512355
0.020532522118725857,0.9963978059521896
0.01114172983974293,0.9961982097855474
0.01651800563523753,0.9965181413761912
0.006946229808169946,0.9965154377173182
0.0030574764443534463,0.9965324472202703
0.017557426055371528,0.9965078371631608
0.007540225519788003,0.9968443898763512
0.01984561959819925,0.9969186335299968
0.010906028145533264,0.9967882102505287
0.0001550458732860749,0.9967322773091872
0.02756003993033773,0.9968404229460492
0.017714395716437792,0.9975302619063939
0.008759488851937225,0.9975995420924829
0.0036508083485880527,0.9968047141870813
0.01573203664057854,0.9972565131232471
0.012077718325231857,0.9972587448243944
0.01758999426624086,0.9966067152669715
0.02536657228768868,0.9971886309464804
0.024547602625715537,0.9974540434442525
0.0036514350943017138,0.9968395805696368
0.009060367128157996,0.9971479432139555
0.0011699643369874055,0.9971598552020232
0.023225534838804685,0.9968377787508013
4.120389267403546e-05,0.9967335530627206
0.0019804940848471286,0.996537920237681
0.008210694544291186,0.9967863192882904
0.012860193066439816,0.9966075223566792
0.02673778846491487,0.9958762373037019
0.01935601947473353,0.9963137239827324
0.01063208574804758,0.9958657995466653
0.01341836992108686,0.9960769582287523
0.01723475817003056,0.9966381960152032
0.004248827291977232,0.997031247475881
0.005968943706785079,0.9963953147311715
0.023170133199738815,0.9968882348420257
0.01398274587507936,0.9965150478912032
0.019451940976569212,0.9969003701416416
0.01259471530017514,0.9972369715213731
0.012820901563136422,0.9962750464701562
0.007658778588163161,0.9962139208558957
0.0019416093947539073,0.9957430570713984
0.0004433264168202111,0.9959413293729187
0.009061288156085588,0.9964119928237907
0.022043471760531615,0.9966868542221825
0.010921717189655455,0.9969105461707289
0.0015634886241647217,0.99672827050554
0.015374198978979792,0.9973386985651688
0.0018422465172189817,0.998031107133844
0.00407326195155755,0.9976512635665422
0.01717800053209861,0.9977982887265272
0.0014054559975359426,0.9977594125901443
3.6464506464939366e-05,0.9973548121274205
0.014011498398335596,0.998570483333708
0.04723785898781335,0.9979939549273469
0.016880230376774108,0.9973405391455267
0.01707168351929861,0.9970170961426592
0.012981011801374951,0.9967355278484968
0.027955775582405418,0.9966410122224456
0.0331438939061065,0.99644838619914
0.001469641947637712,0.9962024693777097
0.003906633847856888,0.9964364184481848
0.01955760159555059,0.9964831100230614
0.01566884823173409,0.9965554567725493
0.030168797842752167,0.9965044349057814
0.020151597307168645,0.9966230051963715
0.032456991385579885,0.9967387606132992
0.023517399932913907,0.996923342972542
0.012456325914094568,0.9967037277778269
0.04017141171771837,0.9964277072806064
0.030325767503818435,0.9968840297725744
0.021370860639317868,0.9969746319906376
0.00896056343879259,0.996179246045152
0.028343408427959182,0.9971942704162134
0.024689090112612496,0.9966842852946634
0.0049786224788602165,0.9964329787085076
0.01275520050030804,0.9969493285561086
0.03715897441309617,0.99751222062523
0.016262806881682357,0.9966955848239604
0.02167173891553864,0.9972284535655722
0.011441407450393236,0.997298591165224
0.01061416305142404,0.9964734500828579
0.012570167894706608,0.9966939939557368
0.014591865872227772,0.996572887062663
0.004400677243089457,0.9967219100779859
0.00024882127905917484,0.9967341638725635
0.014126416677534224,0.9959319690875673
0.0067446476873528885,0.996244464609416
0.0019792860393330614,0.9959095423126035
0.000806998133706216,0.9957137951116618
0.004623386382649919,0.9961774407190717
0.00836254449540341,0.9966731338313936
0.006642428080595564,0.9964667166367456
0.03578150498711946,0.9965988318168154
0.001371374087698718,0.9967125563390605
0.006840569189188572,0.9967055997714778
0.025206087087555784,0.9973111981479575
0.025432273350517065,0.9962029187250323
0.020270150375543805,0.9961579905866803
0.01455298118213455,0.9957436412284656
0.013054698204200854,0.9959683453001756
0.003550083631295053,0.9963394334871148
0.009432099973150976,0.9965468362781181
0.0016896545977251876,0.9967804130311297
0.01104788316321592,0.9966526456301462
0.0027628271915991487,0.9972187439590595
0.014453618304599625,0.9976008446275434
0.016684633738938193,0.9972686410902472
0.00456662874471797,0.9973607032773742
0.014016827784916584,0.9973332105678518
0.012574907280915704,0.9969140111674086
0.033226360589477755,0.9990221180082851
0.00286873197843851,0.9983132067481315
0.0030601851209630104,0.9979619497647149
0.0010304865969606447,0.9977130853144244
0.01394427718406982,0.9972557163782954
0.019132395507770905,0.9969702291006488
0.012541856450697884,0.9968427942243213
0.017918132246192486,0.9969650969194913
0.005546103197214991,0.9971723474885767
0.0016573498333984915,0.997279732275344
0.016157299444416573,0.9971995883907501
0.006140098908833047,0.997203373613329
0.01844549298724429,0.9972694597532157
0.009505901534578308,0.9975228475878318
0.0015551724842410295,0.997263570364406
0.026159913319382777,0.9971501943417302
0.016314269105482837,0.9975420081264371
0.00735936224098227,0.9976747496417984
0.005050934959543008,0.9969086786359258
0.014331910029623585,0.9965371578447347
0.0106775917142769,0.9974021448086106
0.018990120877195812,0.9972085098860547
0.02676669889864364,0.9971958933428066
0.02314747601476058,0.9970820479336906
0.002251308483346759,0.9973479071974691
0.007660240517203043,0.99664571472562
0.0025700909479423606,0.9967372333782474
0.02462566144975964,0.9964301246754176
0.0014413305036289903,0.9968128651158072
0.0005803674738921738,0.9966135930662
0.009610821155246141,0.9967606290857532
0.014260319677394773,0.9967044878758992
0.028137915075869824,0.9963731441036696
0.020756146085688487,0.9968719491453336
0.012032212359002536,0.9968612725654888
0.014818496532041812,0.9966231596333146
0.01863488478098552,0.9970053137526963
0.005648953902932186,0.9973899806461896
0.007369070317740033,0.9972712215900416
0.021770006588783863,0.9972502627460617
0.015382872486034316,0.9973416247743853
0.020852067587524167,0.9972901672929047
0.011194588689220186,0.9976660850296206
0.011420774952181467,0.9966951316051498
0.006258651977208207,0.9970629081609818
0.0005414827837989522,0.9965081356565784
0.0009568001941347437,0.9967937756534786
0.010461414767040544,0.9972425009300285
0.023443598371486574,0.9973125865551838
0.01232184380061041,0.9974950697242205
0.0029636152351196765,0.9974581371239228
0.016774325589934747,0.997581840952663
0.00044211990626402686,0.997428887437644
0.002673135340602595,0.9971565960225539
0.01857812714305357,0.9972464064036883
5.329386580987805e-06,0.9971757390057523
0.0014365911174198942,0.9971675244360845
0.030357628611039245,0.9990457200578501
0.030166175468514744,0.9987094350247907
0.0342568471864384,0.9983141670744504
0.01928208340540793,0.997943417845603
0.014093965081706848,0.9973397533260134
0.04576821704017564,0.9971243415552654
0.05114449283567024,0.9972474703266515
0.027680257392262764,0.9975361660280138
0.03156901075607926,0.9976127311191082
0.01706906114506118,0.997567253741232
0.027086261680644708,0.9976211210775334
0.01478086760223346,0.9974083688070341
0.023720459054899445,0.997703459199536
0.034781533073718784,0.9974632485686384
0.007066447270094978,0.997144462933072
0.016912091483994918,0.9976154166487903
0.025866998348495485,0.9980096132633938
0.03827729554902076,0.9972658500985104
0.018894450559854167,0.9967619582495251
0.022548768875200853,0.9976359463413683
0.05221648146667357,0.9974925484282594
0.05999305948812139,0.9975232250509459
0.010078884574717171,0.9972312064668624
0.030975052106130996,0.9976438355724786
0.02556612007227471,0.9969987686892952
0.035796451537420115,0.9970435034636
0.057852022039237394,0.9970886970353428
0.034667691093106745,0.997206040473953
0.03264599311558558,0.9967844880869664
0.042837181744723896,0.9970503906788624
0.04748668026687253,0.9969391094527085
0.06136427566534758,0.99637661703914
0.05398250667516624,0.9969577910546421
0.04525857294848029,0.9972218783895977
0.04804485712151957,0.996842799928128
0.05186124537046327,0.9972861279802993
0.03887531449240993,0.9976103217755603
0.04059543090721778,0.9974292175728284
0.011456354000693891,0.9972050336503026
0.04860923307551207,0.9973876083089149
0.05407842817700192,0.9972202173287756
0.02203177190025757,0.9976130469701047
0.021805585637296288,0.9971244512647375
0.026967708612269548,0.9972341340267925
0.0326848778056788,0.9968601931137449
0.0341831607836125,0.9972012552238148
0.0436877753565183,0.9974723315921118
0.05666995896096433,0.99756427439851
0.045548204390088165,0.9978894652202848
0.03618997582459743,0.9977405217655568
0.050000686179412494,0.9977749281418965
0.03278424068321373,0.9971937728240694
0.03055322524887516,0.9971885354857616
0.05180448773253132,0.9973225858671935
0.03322103120289677,0.99714874127732
0.03466295170689765,0.9970728435109388
0.00019145314252450027,0.9993196271107196
0.0038992185753991544,0.9988140364783176
0.011075545205631308,0.9979573549306217
0.016263663529332395,0.9973440490957565
0.015410588429136396,0.9969008980695373
0.020786864224631,0.9971049567830454
0.002677371218776481,0.9974272660445624
0.0012113821450400186,0.9973847304640849
0.013288567465978063,0.997790172083251
0.003271366930394537,0.9973121757191987
0.015576761008805784,0.9974458687756672
0.006637169556139799,0.9977580507108541
0.00442390446267954,0.9976536890763258
0.023291181340944263,0.9973278111022272
0.013445537127044325,0.9972713624577805
0.00449063026254376,0.9976028765630152
0.007919666937981518,0.9974492873921544
0.011463178051185074,0.9967035767348865
0.007808859735838391,0.9976666483531722
0.021858852855634325,0.9975736145980385
0.029635430877082147,0.9976579159413891
0.02027874403632207,0.997247358160817
0.0006174234950917512,0.9975926768536816
0.004791508538764533,0.9967790907341408
0.005438822926380872,0.9970019482683774
0.02749439342819815,0.9974095331153207
0.0043100624820675,0.9970906444606711
0.0022883645045463363,0.9971879755915228
0.012479553133684653,0.9973747123143566
0.017129051655833283,0.9968907567930805
0.03100664705430833,0.9964007976515479
0.023624878064127,0.9969115027035949
0.014900944337441047,0.9972106103245792
0.017687228510480324,0.9966221644878632
0.021503616759424023,0.9971379290679688
0.008517685881370694,0.9975117164293283
0.010237802296178544,0.9974662751734288
0.018901274610345357,0.9970247525568072
0.018251604464472822,0.9973093279958531
0.02372079956596268,0.9974939150639491
0.008325856710781676,0.9974152352993239
0.008552042973742957,0.996960267713288
0.0033899199987696966,0.9969255155507469
0.0023272491946395575,0.9972478187513663
0.0038255321725732534,0.9975569477980749
0.013330146745479055,0.9978000171349912
0.026312330349925084,0.9977961071667087
0.01519057577904892,0.9978477188325726
0.005832347213558187,0.9975915474468144
0.019643057568373257,0.9972973823677901
0.0024266120721744833,0.9966463810656077
0.00019559663783591527,0.9967511934698051
0.02144685912149208,0.9970022368327364
0.0028634025918575223,0.9969153634259944
0.004305323095858404,0.9971256018492126
0.004090671717923655,0.9992270944468897
0.010884092063106808,0.9983589013589251
0.016072210386807895,0.997652263902238
0.015602041571660896,0.997284905678809
0.020978317367155497,0.9971223472087752
0.0024859180762519806,0.9974307452274277
0.0014028352875645187,0.9974500993066515
0.013097114323453563,0.9977226145885876
0.0030799137878700367,0.9970828865978156
0.015385307866281284,0.997300528734556
0.006445716413615298,0.9977014940799745
0.00461535760520404,0.9974938867424755
0.023099728198419767,0.9973114091469296
0.013254083984519827,0.997191977876957
0.00429917712001926,0.9975918710421334
0.00811112008050602,0.9974294321435182
0.011271724908660574,0.9965207166859897
0.007617406593313891,0.9975472788814531
0.022050305998158826,0.9974580879395336
0.029826884019606648,0.9974949657048663
0.020087290893797568,0.9971551048368384
0.0008088766376162515,0.997664064814688
0.004600055396240033,0.9968559045114662
0.005630276068905371,0.9970920209873732
0.027685846570722646,0.9972654222572224
0.004501515624592001,0.9969748894033864
0.0024798176470708366,0.9971330467605232
0.012671006276209151,0.997266140962536
0.017320504798357783,0.9968290600008386
0.031198100196832838,0.9964535660435913
0.023816331206651498,0.9969173973915454
0.015092397479965545,0.9972404070126372
0.017878681653004824,0.9966496917108996
0.021695069901948527,0.9972219907621106
0.008709139023895196,0.9974327796143369
0.010429255438703045,0.9975515159176928
0.01870982146782085,0.9970283867020288
0.01844305760699733,0.9972588032014504
0.02391225270848718,0.9973271782505869
0.008134403568257174,0.9972345785491504
0.008360589831218457,0.9971056240655624
0.0031984668562451968,0.9970428285200413
0.0025187023371640582,0.9972799107619077
0.004016985315097753,0.9975165052723143
0.013521599888003555,0.9976257649750819
0.026503783492449584,0.9975879630941744
0.01538202892157342,0.9977120280852682
0.006023800356082687,0.9976292522101156
0.01983451071089776,0.9972294492962755
0.0026180652146989836,0.9967053044780387
0.0003870497803604156,0.9970052301146608
0.021638312264016576,0.9970726473017368
0.003054855734382022,0.9968098866698957
0.004496776238382905,0.9969848769653751
0.014974763781030465,0.9990723017138798
0.020162882104731546,0.9979060208700568
0.01151136985373724,0.997542356892744
0.01688764564923184,0.9974152758493312
0.006576589794175636,0.9972742579965715
0.002687836430359136,0.997315738458108
0.017187786041377218,0.9976006949839664
0.007170585505793692,0.9972189610387496
0.019475979584204935,0.9976179677038429
0.010536388131538954,0.9975485963286682
0.000524685887280385,0.9972661489005552
0.02719039991634342,0.9976023225750462
0.01734475570244348,0.9975447151014184
0.008389848837942915,0.9978310683746352
0.004020448362582363,0.9976293306402304
0.015362396626584228,0.9969687209468584
0.011708078311237546,0.9979172991509336
0.01795963428023517,0.9972793028138307
0.025736212301682992,0.9973425918358888
0.024177962611721223,0.9975068158884776
0.003281795080307404,0.9976445785826888
0.008690727114163686,0.9971920463783993
0.0015396043509817159,0.9974344887045373
0.023595174852798995,0.9975688896661404
0.0004108439066683456,0.9969800947918387
0.0016108540708528183,0.9970314732712505
0.008580334558285496,0.9971986726771128
0.013229833080434128,0.996900232762073
0.027107428478909176,0.9964856007378284
0.01972565948872784,0.9968794202479587
0.011001725762041892,0.9971601013844433
0.013788009935081167,0.9969868783698259
0.017604398184024872,0.99752545472327
0.004618467305971541,0.9977565866816944
0.0063385837207793885,0.9973003020250408
0.022800493185744508,0.9972443406781546
0.014352385889073673,0.99711606964853
0.019821580990563525,0.9975218761488525
0.01222507528618083,0.9971904810158329
0.012451261549142112,0.9970683876850266
0.007289138574168853,0.9970904736656216
0.0015719693807595967,0.9972804513454888
7.3686402825901e-05,0.9974813366279373
0.009430928170079901,0.9976194497925837
0.02241311177452593,0.997440222925273
0.011291357203649764,0.9976379236147133
0.001933128638159032,0.9975389937776571
0.0157438389929741,0.9973019408515372
0.0014726065032246716,0.9970698698193523
0.00370362193756324,0.99738076320577
0.017547640546092924,0.9974196925051779
0.0010358159835416323,0.9972524223146819
0.0004061045204592495,0.9972982812212515
0.005188118323701084,0.9986943325596463
0.026486133634767706,0.9983117145907757
0.031862409430262306,0.998052824605776
0.008398173986854829,0.9978253292848088
0.012286927350671328,0.9974786379835657
0.0022130222603467527,0.9973377953142198
0.007804178275236771,0.9972095489077442
0.004501215803174473,0.997293261501965
0.004438375649491511,0.9971935765141845
0.015499449668310848,0.9970415870921551
0.012215636135312955,0.9973703099563824
0.0023699919214130167,0.9977724848228819
0.00658491494308755,0.9979582268283869
0.018995212143612827,0.9975427276603704
0.0003876328455537648,0.9972458255915385
0.003266685469792918,0.9979616311988925
0.032934398061265635,0.997388932791821
0.04071097608271346,0.997422371252936
0.009203198830690762,0.9974199183927452
0.01169296870072306,0.99752876676468
0.006284036666866777,0.9970943963323293
0.01651436813201218,0.9974815699952048
0.03856993863382946,0.9971775340036787
0.01538560768769881,0.9970405722848477
0.013363909710177646,0.9968493101920637
0.02355509833931596,0.9970181143877057
0.028204596861464593,0.997054178625616
0.04208219225993964,0.996863475162431
0.03470042326975831,0.9971093674782685
0.02597648954307236,0.9972411895629416
0.028762773716111637,0.9971459570952197
0.03257916196505534,0.9974850692902563
0.019593231087002005,0.9973886383743891
0.02131334750180985,0.9970106624593281
0.007825729404714044,0.9970947303822083
0.029327149670104132,0.9969205599264896
0.03479634477159399,0.997119935788356
0.0027496884948496336,0.9972502580228909
0.0025235022318883527,0.9973546055245057
0.007685625206861613,0.9973088311990016
0.013402794400270868,0.9970066058785216
0.014901077378204564,0.9971794647376087
0.024405691951110364,0.9970565925025704
0.037387875555556394,0.9969160067060296
0.026266120984680234,0.9971185240349728
0.016907892419189496,0.9971039201425994
0.030718602774004566,0.9972580083141477
0.013502157277805791,0.9970759021091484
0.011271141843467223,0.9973899276845187
0.03252240432712339,0.997495152476748
0.013938947797488832,0.997032930010508
0.015380868301489714,0.99713382363668
0.03167425195846879,0.9994237618499638
0.03705052775396339,0.998949318032035
0.013586292310555914,0.9984906173165201
0.017475045674372414,0.998331235498148
0.002975096063354332,0.9975462601342429
0.012992296598937858,0.9969449379296936
0.000686902520526611,0.9966753478102687
0.009626493973192596,0.9972134493167631
0.02068756799201193,0.9971927509567167
0.007027517811611872,0.9965923758636483
0.002818126402288068,0.9970959539657503
0.011773033266788637,0.9971844167572954
0.024183330467313913,0.9970597361157283
0.0048004854781473205,0.9965520320069933
0.008454803793494003,0.997213255522449
0.03812251638496672,0.9977508851816876
0.04589909440641454,0.9975876974600888
0.004015080506989677,0.9969047852553504
0.016881087024424146,0.9975407941256209
0.011472154990567862,0.9964828746437528
0.021702486455713266,0.9969123887963898
0.043758056957530544,0.9972472550962356
0.020573726011399892,0.9973491490525858
0.018552028033878728,0.9973616637691184
0.02874321666301705,0.997451077678829
0.03339271518516568,0.9974790509684046
0.04727031058364073,0.997512484717592
0.03988854159345939,0.9976078529967184
0.03116460786677344,0.9977017714215376
0.03395089203981272,0.997273115461348
0.037767280288756415,0.9974713790530686
0.024781349410703087,0.9967896590772404
0.026501465825510936,0.9972695628787824
0.0026376110810129583,0.9967634932641165
0.03451526799380522,0.9971840023953091
0.03998446309529508,0.9970888796637597
0.00793780681855072,0.9972783845763207
0.007711620555589439,0.997825862617272
0.012873743530562696,0.9975973357228014
0.018590912723971953,0.9978216806092365
0.02008919570190565,0.9978584079511577
0.02959381027481145,0.9973285613500221
0.04257599387925748,0.9972058461966995
0.031454239308381315,0.9974887125125415
0.02209601074289058,0.9973091501679112
0.035906721097705645,0.9969201971404256
0.01869027560150688,0.9963635557704189
0.01645926016716831,0.9966822744927395
0.037710522650824474,0.9967334332296623
0.01912706612118992,0.9963542073677623
0.0205689866251908,0.9966283166403144
0.0053762757954946006,0.9991317724541784
0.01808795964791288,0.9986066640447496
0.014199206284096376,0.9982556768932637
0.028699155895114455,0.9973890815615492
0.01868195535953093,0.9964341254365848
0.030987349437942176,0.9962677328326333
0.022047757985276195,0.9968038454231315
0.010986683966456856,0.996860466584546
0.038701769770080656,0.996427679709155
0.02885612555618072,0.9969808465945936
0.019901218691680156,0.9970633586959315
0.007490921491154878,0.9970543610185768
0.02687376648032147,0.9964080226343623
0.023219448164974787,0.9970949362676077
0.006448264426497929,0.997546824208396
0.014224842447945751,0.997231332853792
0.03568933246545847,0.9965248739371485
0.014793164934044645,0.9971140249432968
0.02020209696790093,0.9960177219776509
0.009971765502755523,0.9964888377684232
0.012083804999061752,0.9967931412794968
0.011100525947068896,0.9968524418073128
0.01312222392459006,0.9969694043603377
0.002931035295451745,0.9971583681439689
0.001718463226696887,0.9970281785742755
0.015596058625171936,0.997283810536066
0.008214289634990601,0.997434362426716
0.0005096440916953493,0.997552325753806
0.002276640081343928,0.9970036248250227
0.006093028330287631,0.99714441277234
0.0068929025477657,0.9963184367397134
0.005172786132957852,0.9968084688899411
0.03431186303948175,0.99634498226303
0.0028410160353364296,0.9967848215847299
0.008310211136826284,0.9967625195547507
0.023736445139918072,0.9969602185620408
0.023962631402879356,0.9978063957697529
0.018800508427906093,0.9975530935344256
0.013083339234496838,0.9977348728312239
0.011585056256563142,0.9978073336828438
0.0020804416836573414,0.9972780867797134
0.010901741920788688,0.9969563176505764
0.00022001265008747553,0.9972300432711895
0.009578241215578208,0.9971395653367153
0.004232469139236861,0.9966776414975389
0.012983976356961913,0.9961085775331581
0.01521499179130048,0.9965123689880098
0.006036270692355683,0.9966425159738833
0.012547185837278872,0.9961635666491936
0.011105265333277992,0.9964936125288432
0.02346423544340748,0.9988019717144287
0.019575482079590974,0.998557938171708
0.03407543169060906,0.9978432376385766
0.024058231155025533,0.9970433652536371
0.03636362523343679,0.9967495639832809
0.027424033780770796,0.9973654277717384
0.016362959761951457,0.9972452157672456
0.04407804556557526,0.9967235106896448
0.03423240135167532,0.9972982749799311
0.02527749448717476,0.9973336227832063
0.012867197286649479,0.9971534981695716
0.03225004227581607,0.9966368528195354
0.028595723960469388,0.997248336887676
0.0010719886310033289,0.9975164526124065
0.008848566652451153,0.9974206727452803
0.04106560826095306,0.9968151609335328
0.020169440729539245,0.9973421883201293
0.02557837276339553,0.9963581176966659
0.015348041298250124,0.9968701344726729
0.006707529203567153,0.9970806021546493
0.016476801742563496,0.9970902210068682
0.01849849972008466,0.9970305637748595
0.008307311090946345,0.9971570737159389
0.0036578125687977137,0.9969882454720538
0.010219782829677336,0.9973711226802983
0.002838013839496001,0.9974499511589968
0.00588591988718995,0.9976722460623011
0.0030996357141506725,0.9971592456622361
0.0007167525347930304,0.9971754757007002
0.0122691783432603,0.9967355690523276
0.010549061928452452,0.9971658758563708
0.03968813883497634,0.9967036654565076
0.0025352597601581706,0.9970593622490151
0.002933935341331684,0.9969656224464237
0.029112720935412673,0.9971877765842228
0.029338907198373957,0.9976510635468334
0.024176784223400694,0.9974880050883603
0.01845961502999144,0.997739850497016
0.016961332052057743,0.9978464039043846
0.007456717479151943,0.9973855106388813
0.005525466125294087,0.9972117671441901
0.005596288445582076,0.9973772232689757
0.014954517011072808,0.9971781291035011
0.0011438066562577398,0.9970159197474208
0.018360252152456517,0.9963882156889635
0.02059126758679508,0.9966751851886996
0.0006599948968610825,0.9967644419531672
0.017923461632773474,0.9963476363292602
0.016481541128772592,0.9969174636018228
0.003888753363816499,0.999346546301828
0.01061119624720158,0.9988635548289448
0.0005939957116180561,0.9980146027813696
0.012899389790029305,0.9974145074391572
0.003959798337363318,0.9975513642157362
0.007101275681456021,0.9974591784538942
0.020613810122167783,0.9970173543814499
0.010768165908267846,0.9976358975435327
0.0018132590437672793,0.9976348102051545
0.010597038156757999,0.9976616244003325
0.008785806832408594,0.9968733203788211
0.0051314885170619115,0.9975422796552419
0.02453622407441081,0.9979571424751132
0.03231280209585863,0.9978296348361533
0.01760137281754559,0.9970253712767256
0.003294794713868232,0.9976006958871497
0.002114137319988052,0.9965552826855808
0.00811619414515735,0.9969438571265719
0.03017176464697463,0.9968562977441958
0.00698743370084398,0.9971909522306008
0.004965735723322817,0.9973041280212048
0.015156924352461132,0.9973860633500908
0.019806422874609764,0.9973063448831965
0.033684018273084815,0.9973653975208666
0.02630224928290348,0.9975180727063176
0.017578315556217528,0.9977700291940368
0.020364599729256805,0.9972512784317357
0.024180987978200508,0.997568721718452
0.011195057100147177,0.9969271530085471
0.012915173514955023,0.9970005676564532
0.016223903391568872,0.9964217594439471
0.020928975683249303,0.9967424929584813
0.02639817078473916,0.9966893505021344
0.005648485492005195,0.9971553935209274
0.005874671754966476,0.9977284309831683
0.0007125487799932162,0.9974737814789713
0.005004620413416039,0.9974500254445875
0.006502903391349736,0.997756753489883
0.016007517964255535,0.9973142585418973
0.028989701568701565,0.9973127119479513
0.0178679469978254,0.9976137259661283
0.008509718432334668,0.9974271646957488
0.022320428787149738,0.9971101069307164
0.005103983290950964,0.9962409668938604
0.002872967856612396,0.9964804387017229
0.02412423034026856,0.9967564137734792
0.005540773810634003,0.9963276816369683
0.006982694314634885,0.9969620682337453
0.01449994961101808,0.999219830258992
0.004482749075434556,0.9984957804439696
0.016788143153845803,0.9978370137772088
0.007848551701179818,0.9978516091965904
0.003212522317639521,0.9973301318350554
0.024502563485984286,0.9969097961895149
0.014656919272084344,0.9974369286472196
0.005702012407583779,0.9974578510363361
0.006708284792941499,0.9973999051386514
0.012674560196225091,0.9967681031138814
0.00902024188087841,0.997392731715784
0.020647470710594303,0.9977249779275599
0.02842404873204213,0.997649802804014
0.021490126181362087,0.9970188633693106
0.0005939586499482673,0.9976776057412458
0.006002890683804552,0.996661906381388
0.004227440781340852,0.996970021983356
0.026283011283158127,0.9971871345488509
0.003098680337027482,0.9970561000288742
0.0010769823595063175,0.9970801494216056
0.011268170988644632,0.9972461558075093
0.015917669510793264,0.9972349637771256
0.029795264909268315,0.9971222766306868
0.022413495919086975,0.997417411278676
0.013689562192401028,0.9976424982753669
0.016475846365440305,0.9972457551371696
0.020292234614384008,0.9975259642849644
0.007306303736330677,0.9969415174026408
0.009026420151138526,0.9972562230771411
0.02011265675538537,0.996775086333128
0.017040222319432807,0.9970103601916381
0.02250941742092266,0.9969721144274
0.009537238855821695,0.9971393451338472
0.009763425118782976,0.9978057900447556
0.004601302143809716,0.9976494489164676
0.0011158670495995393,0.997507908060391
0.0026141500275332352,0.9977759269112972
0.012118764600439036,0.9973857776653527
0.025100948204885065,0.9975630294812707
0.0139791936340089,0.9978530392909027
0.004620965068518168,0.9977130847036532
0.01843167542333324,0.9971544953633509
0.0012152299271344646,0.9964291024366408
0.001015785507204103,0.9966252011926707
0.02023547697645206,0.9969130373750896
0.0016520204468175037,0.9965407601175664
0.0030939409508183857,0.9970372468228755
0.010017200535583524,0.9988500595604624
0.0022881935428277207,0.9985762182314221
0.006651397909838264,0.9985821345209209
0.017712471928657603,0.9979227660304301
0.010002613874966204,0.997282886845206
0.0001569696610662641,0.9972398068398816
0.008797937203434305,0.9972645157511992
0.02120823440395958,0.9976021222598144
0.0018253894147929883,0.9966461980716222
0.005479707730139671,0.9972247007276168
0.03514742032161239,0.9975338887022774
0.04292399834306021,0.9974854990395192
0.006990176570344009,0.9968459426402048
0.013905990961069814,0.9974581362062
0.008497058927213532,0.9965951153284768
0.018727390392358934,0.9968454450668401
0.040782960894176205,0.9972125361425117
0.017598629948045563,0.9969828116082288
0.0155769319705244,0.9973698339140963
0.025768120599662717,0.9974722106614973
0.030417619121811346,0.9969843596959984
0.0442952145202864,0.9967644010022506
0.03691344553010505,0.9971484370241603
0.02818951180341911,0.9973784592149256
0.030975795976458383,0.9970345576757107
0.03479218422540209,0.9972566501461084
0.02180625334734876,0.9968276018459352
0.023526369762156607,0.9968372185016813
0.00561270714436729,0.996504609647524
0.03154017193045089,0.9968064042683281
0.037009367031940736,0.9971945161786772
0.004962710755196387,0.9972177132447064
0.004736524492235106,0.9972409392370264
0.009898647467208364,0.9972785415421194
0.01561581666061762,0.9972855139408272
0.017114099638551317,0.9976612415025566
0.02661871421145712,0.9975450162583713
0.03960089781590315,0.99768450999094
0.028479143245026983,0.9979580764582755
0.01912091467953625,0.9978397562107325
0.03293162503435132,0.9971268611215804
0.015715179538152546,0.996449445497528
0.013484164103813978,0.9964873003795284
0.03473542658747014,0.9968570983783641
0.016151970057835585,0.9965135243949738
0.017593890561836467,0.9969289345089823
0.012305394078411245,0.999006668384078
0.0033658026257452622,0.9986637167433025
0.007695271393074077,0.997846117285008
0.020019814410549727,0.9974517933529679
0.010174170196649788,0.9974803526400422
0.001219263332149223,0.9975331469378873
0.011191033868376055,0.9970916212726024
0.008191811120790538,0.9967865143769505
0.0045374928054438554,0.9972699356551639
0.025130219786028862,0.9971303931892194
0.032906797807476684,0.9970943475644906
0.017007377105927535,0.9971327638924083
0.003888790425486288,0.9974288811059496
0.001520141608369996,0.997020985629078
0.008710189856775406,0.99687775940992
0.030765760358592686,0.996870774930628
0.0075814294124620365,0.9967168928866269
0.005559731434940872,0.9966387770323047
0.015750920064079188,0.9966277791316419
0.020400418586227816,0.9967487191046633
0.03427801398470287,0.9963548018554887
0.02689624499452153,0.9965839198295171
0.018172311267835584,0.9966727393769488
0.02095859544087486,0.9968210126750392
0.024774983689818564,0.9973194538676442
0.011789052811765233,0.9970576340126238
0.01350916922657308,0.9966823656427725
0.015629907679950816,0.9968702519062604
0.02152297139486736,0.9970278824357626
0.026992166496357217,0.9971348764448984
0.005054489780387139,0.9972693878850982
0.00528067604334842,0.9968568495191875
0.0001185530683751601,0.9970867137641176
0.005598616125034095,0.9964261427092179
0.007096899102967791,0.9968696472475539
0.01660151367587359,0.996769273308848
0.02958369728031962,0.9969788503627027
0.018461942709443457,0.9973164396273091
0.009103714143952724,0.9972317970433812
0.022914424498767797,0.9970606248799029
0.00569797900256902,0.996906077142464
0.003466963568230452,0.9967400077810393
0.024718226051886612,0.9970057379266337
0.006134769522252059,0.9968173914151539
0.0075766900262529404,0.9969740306005415
0.008939591452665985,0.9991263872267635
0.020000665471485324,0.9982895472854889
0.007714420332138483,0.9983348878222112
0.0021312238817614566,0.9978842645503022
0.011086130746262024,0.9975253335407347
0.0234964279467873,0.9972710410957811
0.004113582957620709,0.9968295338329592
0.007767901272967392,0.997228990334176
0.0374356138644401,0.9965943959283244
0.04521219188588793,0.9967752703387392
0.004701983027516288,0.9972835008956848
0.016194184503897535,0.9973709180392156
0.010785252470041253,0.9970391723396304
0.02101558393518665,0.9971357050202156
0.043071154437003926,0.9969801873933315
0.019886823490873284,0.9964524345385205
0.01786512551335212,0.9965994076834238
0.028056314142490435,0.9965628987276712
0.03270581266463907,0.9963788820718624
0.04658340806311412,0.996117186697689
0.03920163907293278,0.9962256345653951
0.03047770534624683,0.9963102413781024
0.03326398951928611,0.9965199342184216
0.03708037776822981,0.9965735354792957
0.02409444689017648,0.9967593422686478
0.025814563304984328,0.9963907755566016
0.0033245136015395693,0.9968367223628163
0.03382836547327861,0.9966362631840929
0.039297560574768464,0.9974392615650962
0.007250904298024109,0.9972487372080991
0.007024718035062826,0.9963434082644629
0.012186841010036085,0.9968701270756738
0.01790401020344534,0.996439768298371
0.01940229318137904,0.9967225207176988
0.02890690775428484,0.9967926687545235
0.041889091358730875,0.9969054996916656
0.030767336787854704,0.99727699426723
0.021409108222363967,0.9971024151386827
0.03521981857717904,0.9968017587989345
0.018003373080980267,0.9969653083357553
0.0157723576466417,0.9970734514064896
0.037023620130297856,0.9969318013998963
0.018440163600663303,0.9969385247190874
0.01988208410466419,0.9971543841361654
0.01106107401881934,0.9991798787856626
0.016654011784804468,0.998469036998192
0.006808367570904528,0.9980056895277256
0.0021465392935960392,0.9976882067294152
0.014556836494121317,0.9971499846341975
0.004826008495045275,0.9965040645868504
0.0011716901796985923,0.9969224649451155
0.028496022411774125,0.9971124726323459
0.036272600433221946,0.997146454822816
0.013641574480182272,0.9969669104694019
0.00725459305123155,0.9976253931104798
0.0018456610173752663,0.9968199463128672
0.012075992482520668,0.996888524109504
0.03413156298433795,0.9969881245217184
0.0109472320382073,0.9968406030162624
0.008925534060686134,0.9972101810947785
0.019116722689824447,0.997162213905827
0.02376622121197308,0.9968725614246072
0.037643816610448126,0.9967346856564993
0.0302620476202668,0.9969106157334261
0.021538113893580842,0.9968861727863059
0.024324398066620123,0.9966809933392359
0.028140786315563823,0.9968759950547793
0.015154855437510493,0.9968256146350408
0.016874971852318343,0.9968295023059859
0.012264105054205554,0.996973730453306
0.024888774020612625,0.9973116383104882
0.03035796912210248,0.9977786821770445
0.0016886871546418767,0.9979308342519773
0.0019148734176031577,0.9968475197221078
0.003247249557370102,0.9970713257000883
0.008964418750779357,0.9971205576207398
0.010462701728713051,0.9973738064158386
0.01996731630161885,0.997163775661885
0.03294949990606488,0.9972227678376429
0.02182774533518872,0.9975515725695978
0.012469516769697984,0.9973657554505776
0.026280227124513052,0.9971595265458248
0.00906378162831428,0.9969562166012669
0.006832766193975714,0.996884830565314
0.02808402867763188,0.9969094229128688
0.00950057214799732,0.9967469742445907
0.010942492651998204,0.9970886493726349
0.027715085803623807,0.9986280063351821
0.017869441589723867,0.9981376823734257
0.0089145347252233,0.9978296705929869
0.003495762475301978,0.9972836558288223
0.015887082513864614,0.9960394439355763
0.012232764198517931,0.996761615747448
0.017434948392954785,0.997081266179893
0.025211526414402607,0.9971241418478051
0.024702648499001608,0.9966504302075806
0.0038064809675877886,0.9974211215419021
0.009215413001444073,0.9964382503235528
0.0010149184637013309,0.9965323829669586
0.02307048896551861,0.9968132019869512
0.00011384198061203941,0.9968668238054019
0.0021355399581332035,0.9973789851458792
0.008055648671005111,0.9972415349725102
0.012705147193153741,0.9969306389409825
0.026582742591628798,0.9967039470685645
0.019200973601447457,0.9967591821406333
0.010477039874761507,0.9966458491076458
0.013263324047800784,0.9964231381691504
0.017079712296744487,0.9968506115266765
0.004093781418691156,0.9967507839427536
0.005813897833499004,0.9966893416129728
0.023325179073024893,0.9967626229257008
0.013827700001793286,0.9970301902580134
0.01929689510328314,0.997558616398816
0.012749761173461216,0.9976802549236018
0.012975947436422495,0.9969434255685015
0.007813824461449237,0.9967821867316335
0.0020966552680399815,0.9970189964792563
0.000598372290106286,0.9972703491796909
0.008906242282799513,0.9969774678027005
0.021888425887245544,0.9969760456285299
0.01076667131636938,0.9970999041529597
0.0014084427508786468,0.9970230283223208
0.015219153105693717,0.9967920725906605
0.0019972923905050566,0.9966116878260077
0.0042283078248436246,0.9964943880570605
0.01702295465881254,0.9966472422540138
0.0015605018708220175,0.996357223905864
0.00011858136682113551,0.9967919879520007
0.00984564421389994,0.9992429148070301
0.018800551078400504,0.9984160237777053
0.031210848278925785,0.9978643102851849
0.011828003289759192,0.996566457090993
0.015482321605105875,0.9969886232110462
0.04515003419657859,0.9964739093059173
0.052926612218026414,0.9965240968017935
0.0030124373046221953,0.9968207941015933
0.023908604836036015,0.997100360741015
0.01849967280217973,0.9965968971797428
0.028730004267325138,0.9967628439468904
0.050785574769142416,0.996525638007413
0.027601243823011767,0.9965415584432754
0.025579545845490603,0.9970682645176897
0.03577073447462892,0.9968376801140477
0.04042023299677754,0.996502333885228
0.0542978283952526,0.9964694692030195
0.046916059405071264,0.9961636646688936
0.038192125678385314,0.99609080649702
0.04097840985142459,0.9961530626939129
0.04479479810036829,0.9966942369792897
0.03180886722231496,0.9967326888570855
0.03352898363712281,0.9963129908665811
0.004389906730598914,0.9966538462279529
0.041542785805417086,0.9965432310228441
0.047011980906906954,0.9972550420947804
0.01496532463016259,0.9969823528674787
0.014739138367201308,0.9964523921212786
0.019901261342174566,0.996657291628774
0.025618430535583825,0.9965929144654015
0.02711671351351752,0.9966854866180868
0.03662132808642332,0.996594744307601
0.04960351169086935,0.9966406947338483
0.038481757119993194,0.99695416897232
0.029123528554502454,0.9969304274493384
0.04293423890931752,0.9967336520906821
0.025717793413118754,0.9968482162293626
0.023486777978780186,0.9967575252593068
0.044738040462436346,0.9967420115799971
0.02615458393280179,0.9963956927556883
0.02759650443680267,0.9968609780982188
0.008954906864500569,0.9991079325793555
0.021365204065025845,0.9982173160872737
0.0019823590758592524,0.9974272855009902
0.005636677391205935,0.9977470238239134
0.035304389982678645,0.9969841389524648
0.04308096800412648,0.9970994027854668
0.006833206909277745,0.9973256000472245
0.014062960622136078,0.9974953017764449
0.008654028588279794,0.9970600053752755
0.0188843600534252,0.99722426037584
0.04093993055524248,0.9966937807867491
0.017755599609111827,0.9970033487082971
0.015733901631590663,0.9969643752824772
0.025925090260728974,0.996908797121691
0.03057458878287761,0.9968268102554234
0.044452184181352654,0.9967427941928902
0.03707041519117133,0.9966110793228493
0.028346481464485374,0.9965697935164786
0.031132765637524647,0.9966135915198334
0.034949153886468354,0.9971066199253432
0.021963223008415023,0.9971813840688877
0.02368333942322287,0.9967588085257101
0.0054557374833010255,0.9970210821491016
0.03169714159151715,0.9966863579799029
0.03716633669300701,0.9971007111894196
0.005119680416262651,0.9971735198067808
0.00489349415330137,0.9968287771941005
0.010055617128274628,0.9968517022803712
0.015772786321683885,0.9965656474817876
0.01727106929961758,0.9966904146025256
0.02677568387252338,0.9967357226812142
0.03975786747696941,0.9968073998840317
0.028636112906093247,0.9970756148706611
0.019277884340602517,0.9970067810870497
0.033088594695417584,0.9972781923970174
0.01587214919921881,0.9973150700316933
0.013641133764880242,0.9971677802866556
0.034892396248536406,0.9972206507116637
0.01630893971890185,0.9969771477041448
0.01775086022290273,0.9973783300548513
0.012410297200525276,0.9986322689943606
0.0069725477886413145,0.9978530592380909
0.0033182294732946316,0.9986347307425608
0.026349483118178085,0.9977172751774249
0.03412606113962591,0.9975097069170473
0.01578811377377831,0.9973845564942931
0.005108053757635511,0.9975726044041248
0.0003008782762207729,0.9972601112839816
0.00992945318892463,0.9972277520507696
0.03198502369074191,0.9972111748521942
0.00880069274461126,0.9972012766663043
0.006778994767090096,0.9970018898415441
0.01697018339622841,0.9969696517621808
0.02161968191837704,0.9970589428825761
0.035497277316852094,0.9968083605126037
0.02811550832667076,0.9970584773014921
0.019391574599984807,0.9970664752994339
0.022177858773024084,0.9970493410628504
0.025994247021967783,0.9975718234628158
0.013008316143914456,0.9977639318574768
0.014728432558722304,0.9973452661161549
0.014410644347801592,0.9973067434372781
0.022742234727016582,0.9969445131837984
0.02821142982850644,0.9972851885447485
0.003835226448237916,0.9972087028319427
0.004061412711199197,0.9971399556400636
0.0011007102637740629,0.996960920216017
0.006817879457183318,0.996708355621664
0.008316162435117014,0.9968818591153994
0.017820777008022815,0.9971104700798995
0.030802960612468844,0.9972039491879109
0.01968120604159268,0.9974172379273368
0.010322977476101947,0.9972063907251699
0.024133687830917017,0.9973619998808234
0.006917242334718243,0.9972022329212515
0.004686226900379675,0.9971605870581645
0.02593748938403584,0.9974837363263693
0.007354032854401281,0.9970608266415472
0.008795953358402163,0.9973262899241133
0.019382844989166592,0.9977645507159149
0.01572852667381991,0.998435242583911
0.013939185917652808,0.9981225728102093
0.02171576393910063,0.9972841714696207
0.02819841097430359,0.9967848117449136
0.0073022434428897665,0.9969412917437059
0.01271117547674605,0.9962885562144093
0.002480844011600647,0.9966068506082307
0.019574726490216632,0.996824568318814
0.003609604455914017,0.9963685540040749
0.0056313024334351805,0.9968587790237309
0.0045598861957031325,0.9968535398116544
0.009209384717851763,0.9964711797388877
0.023086980116326816,0.9967245737608493
0.01570521112614548,0.9969950089295246
0.006981277399459529,0.9971503532903064
0.009767561572498806,0.9971353000564077
0.013583949821442507,0.997291655210052
0.000598018943389178,0.9967343541201523
0.0023181353581970265,0.9963562113173352
0.02682094154832687,0.9963777082647014
0.010331937526491308,0.9960136754616531
0.015801132627981163,0.9968082497311423
0.01624552364876319,0.9964374529210143
0.016471709911724475,0.9972131884944131
0.011309586936751215,0.9968696420289427
0.00559241774334196,0.9973428401549133
0.004094134765408264,0.9975611789058035
0.005410479807497537,0.9973693428553002
0.01839266341194357,0.9973338586778606
0.007270908841067402,0.9974626713661788
0.002087319724423331,0.9972381156201203
0.01172339063039174,0.9966396301246568
0.0054930548658070335,0.9964529469158216
0.0077240703001456015,0.9966163634760808
0.01352719218351056,0.9969758219388343
0.005056264346123995,0.9963704134149578
0.003614343842123113,0.9967723311339581
0.0036543183153466825,0.998565488927004
0.0333220309068194,0.9974399427962268
0.041098608928267215,0.9976712725095463
0.008815565985136997,0.9979107327334454
0.012080601546276824,0.9964760912276328
0.006671669512420542,0.9973411150849267
0.016902000977565945,0.997443424543538
0.03895757147938322,0.996831035364072
0.015773240533252575,0.9965591094682915
0.01375154255573141,0.9961647927400408
0.023942731184869726,0.9961900847679945
0.02859222970701836,0.9964776297173465
0.04246982510549341,0.9956355405938359
0.03508805611531207,0.9958792842729747
0.02636412238862612,0.9960083965038509
0.0291504065616654,0.9960297456841242
0.0329667948106091,0.99627849716034
0.019980863932555767,0.9962983226095856
0.021700980347363615,0.9959825429615127
0.007438096559160279,0.9960630447399491
0.0297147825156579,0.9957320990928259
0.035183977617147755,0.9963751654067983
0.0031373213404033984,0.9964862336852945
0.0029111350774421174,0.9966021444892158
0.008073258052415377,0.9958816555093793
0.013790427245824632,0.995648341852384
0.015288710223758328,0.995800219439088
0.02479332479666413,0.9958210372971624
0.03777550840111016,0.9958508847820136
0.026653753830233995,0.9962853381938006
0.01729552526474326,0.9961137026137049
0.031106235619558328,0.9968057024951814
0.013889790123359556,0.9970601090532591
0.011658774689020988,0.9971511668031596
0.03291003717267715,0.9973922207509002
0.014326580643042597,0.9970037247023893
0.01576850114704348,0.9967840081651568
0.02966771259147272,0.9988621770288013
0.03744429061292054,0.998334371071464
0.01246988430048368,0.9979233613122931
0.008426283230930143,0.9976290345816032
0.0030173511970738582,0.9969875199971102
0.013247682662219262,0.9971357526891907
0.03530325316403654,0.9971353616776253
0.012118922217905892,0.9970973291632095
0.010097224240384728,0.9968044911649055
0.02028841286952304,0.9968918288328416
0.024937911391671674,0.9970781036081728
0.038815506790146725,0.9968513089863508
0.03143373779996539,0.9971423056494042
0.02270980407327944,0.9972387467335744
0.025496088246318716,0.997242859240648
0.029312476495262415,0.9974238661266502
0.016326545617209087,0.9974829460810114
0.018046662032016932,0.9971199800870899
0.01109241487450696,0.9970592201745171
0.026060464200311217,0.9966489919423811
0.03152965930180107,0.9971863171856522
0.0005169969749432846,0.9971218963342157
0.0007431832379045654,0.9971950209441927
0.0044189397370686945,0.9968308279166253
0.010136108930477948,0.9966288491221248
0.011634391908411644,0.9968482980902604
0.02113900648131745,0.9970104648888575
0.034121190085763475,0.9969461311973892
0.022999435514887312,0.9972054905155192
0.013641206949396578,0.996834369185565
0.027451917304211648,0.9970206977871507
0.010235471808012875,0.9968232118750826
0.008004456373674307,0.9971561263818896
0.02925571885733047,0.9973578291969731
0.010672262327695912,0.9971412961871008
0.012114182831696796,0.9972101704397472
0.007776578021447823,0.9989567590482624
0.0421375968919564,0.9975873255958541
0.02124142936054257,0.9980162468303924
0.026650361394398855,0.99658797361624
0.016420029929253455,0.996601327288092
0.005635540572563824,0.9967928114206056
0.017548790373566825,0.9971754868226301
0.01957048835108799,0.9973798766556714
0.009379299721949674,0.9973751515840019
0.0047298011998010425,0.9973454437463704
0.009147794198674009,0.9973990359892706
0.001766025208492672,0.997699112571052
0.00695790851819328,0.9977243194135907
0.0041716243451540005,0.9973767482416307
0.0003552360962102985,0.9974296029490611
0.013341166974263628,0.9968093641850051
0.01162105055945578,0.9969226077731654
0.04076012746597968,0.9963696435529936
0.003607248391161499,0.9968175791393488
0.001861946710328355,0.9967606819032413
0.030184709566416,0.9972536415486358
0.03041089582937728,0.9975992647318233
0.025248772854404022,0.9970571174955093
0.019531603660994767,0.9973264813603699
0.01803332068306107,0.9974965937848956
0.00852870611015527,0.9973539546147024
0.0044534774942907585,0.9972379372470637
0.006668277076585405,0.9974928658222615
0.01602650564207614,0.997051477050206
0.0022157952872610687,0.9969427657156604
0.01943224078345984,0.9962786063918551
0.021663256217798407,0.9965240144375828
0.0004119937341422464,0.9968302610187352
0.018995450263776803,0.9963940048259751
0.01755352975977592,0.9967705465549699
0.04991417491340422,0.9985738795484067
0.0290180073819904,0.9984326916832152
0.03442693941584668,0.9975518516363624
0.02419660795070128,0.9975142805325112
0.0021410374488839974,0.9974487251696728
0.025325368395014647,0.9977071831232085
0.027347066372535807,0.9976949002714297
0.017155877743397496,0.997634077166152
0.012506379221248864,0.9975809919231523
0.0013712161772261866,0.9967097075199604
0.00601055281295515,0.9969842915446069
0.0147344865396411,0.9970766446014282
0.011948202366601823,0.9967056490916406
0.00813181411765812,0.9970204161799121
0.021117744995711448,0.9968737547925176
0.019397628580903603,0.9969348225426632
0.0485367054874275,0.9963465043935528
0.01138382641260932,0.9967116215577091
0.005914631311119467,0.9967104048837548
0.03796128758786382,0.9972026968428883
0.038187473850825104,0.9971327306999781
0.033025350875851844,0.9965594521812536
0.02730818168244259,0.996638632180604
0.025809898704508893,0.9968867408086525
0.016305284131603093,0.9968145169126141
0.0033231005271570635,0.9968372353703188
0.014444855098033225,0.9971179774799303
0.02380308366352396,0.9968625233273296
0.009992373308708889,0.9971118918250796
0.027208818804907664,0.9969147085079004
0.029439834239246232,0.9970566138556259
0.008188571755590067,0.9973466639880211
0.026772028285224625,0.9968422839578086
0.025330107781223743,0.9970258159327628
0.020896167531413823,0.9986585667534115
0.015487235497557539,0.9988596509380893
0.025717566962702942,0.9986394372774323
0.04777313746452022,0.99753479219424
0.02458880651838957,0.9970627487449863
0.022567108540868408,0.9969639462389432
0.03275829717000672,0.9968824171074906
0.03740779569215536,0.9969162440914134
0.051285391090630406,0.9959424592545196
0.04390362210044906,0.9962023355886211
0.03517968837376312,0.9962269237161014
0.0379659725468024,0.996307501891422
0.0417823607957461,0.9967598718701072
0.028796429917692767,0.9970770823324664
0.030516546332500612,0.9965774844873928
0.0013774694259767184,0.99684620310752
0.0385303485007949,0.996479793224542
0.04399954360228475,0.9967429790544707
0.011952887325540396,0.9968744366458989
0.011726701062579115,0.9963662289817117
0.016888824037552375,0.9960228707249985
0.02260599323096163,0.9957721226131117
0.024104276208895326,0.9959841544060789
0.033608890781801126,0.9961616852754109
0.04659107438624716,0.9963016840417666
0.03546931981537099,0.9966229000915866
0.026111091249880255,0.9964835222792487
0.03992180160469533,0.9969062419800911
0.022705356108496555,0.9974089858146657
0.020474340674157984,0.9974374629847024
0.04172560315781415,0.9973438391265089
0.023142146628179597,0.9972406635955027
0.02458406713218048,0.9973377336574355
0.005408932033856284,0.9984312080542573
0.00482139943128912,0.9982187023201015
0.0268769699331064,0.9977851819908613
0.0036926389869757488,0.9975315165541373
0.0016709410094545851,0.9971352310326494
0.0118621296385929,0.9970431915724013
0.01651162816074153,0.9970499334393472
0.030389223559216583,0.9966449707670446
0.02300745456903525,0.9969374225534297
0.014283520842349295,0.9970169642198335
0.017069805015388573,0.9967904448153456
0.020886193264332276,0.9973101216395405
0.007900262386278945,0.9973296069392084
0.009620378801086793,0.9972479532113866
0.019518698105437104,0.9971765114781938
0.017634180969381075,0.9972560512289443
0.02310337607087093,0.9969281264053955
0.008943280205873427,0.9973842524925616
0.009169466468834707,0.9971060278027528
0.004007343493861448,0.9966259444324991
0.0017098256995478067,0.9965494218623457
0.003208108677481502,0.9967146163016286
0.012712723250387303,0.9966836057866417
0.02569490685483333,0.9968244862244592
0.014573152283957167,0.9971561736850428
0.005214923718466435,0.9972128727958232
0.019025634073281505,0.9974245625901722
0.001809188577082732,0.9970971739252936
0.0004218268572558359,0.9972300818583815
0.020829435626400328,0.9970702134954879
0.002245979096765771,0.9968483971751312
0.0036878996007666527,0.9970832147428675
0.010230331465145404,0.9993035041621672
0.03228590196696268,0.9981408204546672
0.009101571020832032,0.9973349899083843
0.007079873043310869,0.9967788451162829
0.017271061672449184,0.9965218371197928
0.021920560194597812,0.9965900991458931
0.03579815559307287,0.9954231788412531
0.028416386602891527,0.9957445457204115
0.019692452876205576,0.9958493322846856
0.022478737049244857,0.9959362876410632
0.02629512529818856,0.9966493088764253
0.013309194420135229,0.9970774858803944
0.015029310834943075,0.9966133641159884
0.01410976607158082,0.9968490783046366
0.02304311300323736,0.9964064004247197
0.028512308104727213,0.9965109342232183
0.0035343481720171432,0.9967531459268579
0.003760534434978424,0.9963703332987148
0.0014015885399948356,0.9958719591260856
0.007118757733404091,0.9953499052863608
0.008617040711337785,0.9954052775180406
0.018121655284243587,0.995911567478027
0.031103838888689617,0.9961014900532813
0.019982084317813453,0.9965233569452925
0.01062385575232272,0.9965024226484877
0.02443456610713779,0.9970420154115908
0.007218120610939016,0.9974857346826733
0.004987105176600448,0.9973617169499795
0.02623836766025661,0.9973717970077942
0.007654911130622054,0.9969793691046082
0.009096831634622935,0.9969654625980529
0.02205557050181728,0.9985242187041565
0.0011287604443133703,0.9977752016805715
0.0031504584218345344,0.9973107010522275
0.00704073020730378,0.9970101019255032
0.011690228729452412,0.9967667700660382
0.025567824127927463,0.9958823794438141
0.018186055137746127,0.9961841507591848
0.009462121411060178,0.9963574849886616
0.012248405584099452,0.9963881049232141
0.016064793833043156,0.9967577653567107
0.003078862954989825,0.9971363461174086
0.0047989793697976735,0.9966790881269909
0.024340097536726224,0.9968735908608783
0.012812781538091955,0.9965105887420904
0.01828197663958181,0.9966628155554516
0.013764679637162547,0.9969978149337133
0.013990865900123828,0.9967115495753917
0.008828742925150566,0.996187993370771
0.003111573731741313,0.9959348294703652
0.0016132907538076169,0.995985566458748
0.007891323819098182,0.9960397540855804
0.020873507423544213,0.9961564653301263
0.009751752852668048,0.9965464561372605
0.0003935242871773159,0.9963371159479769
0.014204234641992384,0.9968833994378704
0.0030122108542063875,0.997419515984928
0.005243226288544955,0.9975297331256152
0.016008036195111208,0.9975713987739483
0.0025754203345233484,0.9972363993657437
0.0011334998305224664,0.9973504895441315
0.02318433094613065,0.9983097556856915
0.025206028923651813,0.9980229247407952
0.015014840294513498,0.9979219674933472
0.010365341772364867,0.9973720062632573
0.0035122536261101844,0.9961706152104952
0.003869515364071152,0.9965394030760125
0.012593449090757103,0.9966981666712791
0.009807164917717824,0.9967162804642656
0.005990776668774123,0.997039799735973
0.01897670754682745,0.9971060089287191
0.017256591132019605,0.9969126794232815
0.0463956680385435,0.9968755284337036
0.009242788963725325,0.9967814398266438
0.003773593862235469,0.9972865828522881
0.035820250138979826,0.9968432941552313
0.036046436401941113,0.9971620501869373
0.030884313426967847,0.9963413464678161
0.02516714423355859,0.9969399371558234
0.023668861255624892,0.9970655378995896
0.014164246682719093,0.9967711616799305
0.0011820630782730657,0.9969121082827773
0.012303817649149227,0.9970710934328268
0.02166204621463996,0.9967227105431968
0.007851335859824893,0.996578075656231
0.025067781356023663,0.9967725987604915
0.027298796790362238,0.9969089886895459
0.006047534306706071,0.9971707515591804
0.024630990836340627,0.9968064943097363
0.023189070332339745,0.9969430122190241
0.002021697977521164,0.9987716845217384
0.00816949065161715,0.9985846225104313
0.012818989173765782,0.9985015886600744
0.026696584572240837,0.9975062520972688
0.019314815582059497,0.9970914176023754
0.010590881855373546,0.9970180805751258
0.013377166028412824,0.9968943963362455
0.017193554277356526,0.9971270955891088
0.004207623399303195,0.9972834930670352
0.005927739814111044,0.9972914221712109
0.023211337092412854,0.9968772974360978
0.013941541982405324,0.997130790973341
0.019410737083895176,0.9968891132812515
0.012635919192849177,0.9970721556004736
0.012862105455810456,0.9968305394398048
0.007699982480837197,0.9963540031568345
0.0019828132874279425,0.996709643529384
0.0004845303094942466,0.9967864784116077
0.009020084263411554,0.9965605585621977
0.022002267867857583,0.9964939943956016
0.01088051329698142,0.9967323944092643
0.0015222847314906862,0.996315356898063
0.015332995086305756,0.9966658637623592
0.0018834504098930167,0.9965548385442256
0.004114465844231585,0.9966842530622289
0.01713679663942458,0.9970310199684238
0.001446659890209978,0.9966701251912995
4.739386209096086e-06,0.9969355790946836
0.010191188629138315,0.9993627913075325
0.014840687151286946,0.9987352561065418
0.028718282549762,0.997844926759028
0.02133651355958066,0.9972882957443213
0.01261257983289471,0.996715301311826
0.015398864005933988,0.9966546301480371
0.019215252254877687,0.9969427119037064
0.006229321376824359,0.996677145430463
0.007949437791632208,0.9967621178308873
0.02118963911489169,0.9963702769798176
0.01596323995992649,0.9968934462864724
0.021432435061416344,0.9970099067450461
0.010614221215328012,0.9968919566790305
0.010840407478289292,0.9967459859454583
0.005678284503316033,0.9965403117273864
3.88846900932216e-05,0.9972548721860883
0.0015371676680269175,0.9973038127623263
0.011041782240932718,0.9969108780089891
0.024023965845378747,0.9968022242516567
0.012902211274502584,0.9968446245797037
0.0035439827090118503,0.9965129318682762
0.01735469306382692,0.9960978871481091
0.0001382475676281469,0.9963801723742624
0.0020927678667104206,0.9963416569299312
0.019158494616945743,0.9967528095181011
0.000575038087311186,0.9963016310052536
0.002016958591312068,0.996786323990132
0.004649498522148632,0.9990646936272967
0.01852709392062368,0.9981581219944805
0.011145324930442346,0.9978509411932418
0.002421391203756396,0.9972759109942758
0.005207675376795673,0.9969769975084568
0.009024063625739376,0.997120124207134
0.003961867252313955,0.9968472495564648
0.002241750837506107,0.9968666716089027
0.031380827744030004,0.9965317492501371
0.005772051330788175,0.9969608210968813
0.011241246432278027,0.9971055288636473
0.020805409844466327,0.9970088837337661
0.021031596107427608,0.996808272258608
0.015869473132454348,0.9965230635132851
0.010152303939045091,0.9973287691683902
0.008654020961111397,0.9974446522016788
0.0008505936117944035,0.9971071354778271
0.013832777216240433,0.9970786784812595
0.0027110226453642694,0.9971085106667836
0.006647205920126464,0.9967546282755537
0.007163504434688606,0.9963589980737279
0.010052941061510168,0.9965001554214161
0.012283956495848736,0.9965944177480589
0.008967305987807428,0.9970077702737038
0.009616150541827129,0.9965559384389394
0.008174230037826247,0.9969078300880474
0.013877595398475053,0.9988930891696067
0.006495826408293714,0.9980854233588625
0.002228107318392236,0.9976862024449361
0.0005581768546470411,0.9974152017617177
0.004374565103590744,0.9970615048493746
0.008611365774462587,0.9967486673145518
0.006891249359654739,0.996829055038131
0.03603032626617864,0.9966801944909512
0.001122552808639543,0.9969784121293952
0.0065917479101293966,0.9970820812466679
0.02545490836661496,0.9972392652006515
0.02568109462957624,0.9968328176737103
0.020518971654602976,0.996455602584148
0.014801802461193723,0.9967638655364643
0.013303519483260027,0.996976558768412
0.003798904910354228,0.9964093845015649
0.009183278694091801,0.9963661577012691
0.0019384758767843624,0.9966505342325982
0.011296704442275096,0.996279872595
0.0025140059125399734,0.9963162703474762
0.0147024395836588,0.9965644886269897
0.016933455017997368,0.9967185743009267
0.004317807465658796,0.996986499613654
0.01426564906397576,0.9966424411418595
0.012823728559974878,0.9968805940878227
0.007381768990181336,0.9990069254165952
0.016105702716867287,0.9984794138004034
0.013319418543828008,0.9980774147325144
0.009503030294884307,0.9971673955084739
0.02248896117293764,0.9962521946736111
0.02076884475812979,0.9963858575353945
0.04990792166465369,0.996344290152659
0.012755042589835508,0.9967069712330054
0.007285847488345653,0.9968884718013472
0.03933250376509001,0.9971036918688579
0.03955869002805129,0.9968982852525085
0.03439656705307803,0.9966520198524808
0.028679397859668773,0.9972314714667913
0.02718111488173508,0.9973865376242415
0.01767650030882928,0.9964897201075642
0.004694316704383249,0.9963414735357486
0.015816071275259413,0.9965103206846536
0.025174299840750147,0.9960225290333843
0.011363589485935075,0.9959439344805661
0.028580034982133847,0.9956761403726598
0.030811050416472415,0.9960259140356574
0.009559787932816257,0.9962272556527888
0.028143244462450808,0.9958319492226646
0.02670132395844993,0.9964614094762909
0.00872393372668595,0.999216902946649
0.0059376495536466725,0.9988147409529213
0.0021212613047029705,0.9979451719180141
0.0151071921827563,0.997006661933304
0.013387075767948451,0.9968383469917984
0.04252615267447235,0.9966590178117618
0.005373273599654171,0.996944385995337
9.592150183568292e-05,0.9970775326597032
0.03195073477490867,0.9971809480577543
0.032176921037869954,0.997179956399504
0.02701479806289669,0.9969378140742946
0.02129762886948744,0.9974632957696723
0.019799345891553743,0.9976306265256301
0.010294731318647943,0.9969979970920996
0.0026874522857980865,0.9968482614958724
0.008434302285078077,0.9968649838272141
0.01779253085056881,0.9964028228282488
0.003981820495753741,0.9963059551463124
0.021198265991952518,0.9961279134149642
0.02342928142629108,0.9964105144523496
0.0021780189426349184,0.9967774811640291
0.020761475472269475,0.9962802197382152
0.019319554968268593,0.996815600767096
0.0027862841730392773,0.9991538901410851
0.00660267242198298,0.998342256105612
0.006383258456070351,0.9972489367836871
0.004663142041262502,0.9971996788537326
0.0338022189477864,0.9966483120791417
0.0033506601270317793,0.9968569781121476
0.008819855228521634,0.9969885314905464
0.02322680104822272,0.9972713251459726
0.023452987311184004,0.9974215265505209
0.018290864336210744,0.9971082086689911
0.012573695142801489,0.9975134338443244
0.011075412164867793,0.9977872430980615
0.001570797591961992,0.9971464445887128
0.011411386012484035,0.9969542781646947
0.00028963144160787374,0.9970806642498911
0.009068597123882862,0.9967041570130045
0.004742113230932209,0.9964709285755146
0.012474332265266563,0.9958796396904026
0.014705347699605131,0.996436806402294
0.006545914784051032,0.9966207900699584
0.012037541745583524,0.9961117562822448
0.010595621241582642,0.9966368569456893
0.0038163882489437033,0.9988272300796435
0.009169542629109628,0.997823637232371
0.007449426214301779,0.9972851075357987
0.03658850312082568,0.9971980354338125
0.000564375953992502,0.9967012081175587
0.006033571055482356,0.9971245427050435
0.026013085221262,0.9970288701384402
0.02623927148422328,0.9971324391692477
0.02107714850925002,0.9968814477693587
0.015359979315840766,0.9972007312131773
0.01386169633790707,0.9973222979133928
0.0043570817650012686,0.9967486312309071
0.008625101839444758,0.9964919579594381
0.0024966527314314035,0.9966898862738071
0.011854881296922136,0.9962271130856608
0.0019558290578929327,0.9960825877582041
0.01526061643830584,0.9961289271223814
0.01749163187264441,0.9966344610197206
0.0037596306110117546,0.9968174198757194
0.0148238259186228,0.9963214385991763
0.01338190541462192,0.9968024824303536
0.012985930878053333,0.9989514974214864
0.011265814463245483,0.9983026155728314
0.04040489136976937,0.9978121507346989
0.003252012294951201,0.997500025160692
0.0022171828065386534,0.9972284310600387
0.029829473470205703,0.9970959741300894
0.030055659733166984,0.997537934694716
0.024893536758193724,0.997298695760636
0.01917636756478447,0.9972977704614228
0.017678084586850773,0.9973691440736088
0.008173470013944972,0.9970139954321146
0.004808713590501057,0.9969422480632016
0.0063130409803751055,0.9968955571338901
0.01567126954586584,0.9968446046454592
0.00186055919105077,0.9966259839277432
0.019077004687249544,0.9964264145945784
0.02130802012158811,0.9968211881036275
5.675763793194788e-05,0.9971592422550268
0.018640214167566505,0.9965402574194083
0.017198293663565623,0.9966764131945027
0.0017201164148078485,0.999169713733987
0.02741896049171605,0.9986943534866746
0.00973391858310213,0.9980901328905148
0.015203113684591985,0.9976913727543085
0.016843542592152372,0.9973531487347597
0.017069728855113653,0.9968184946709123
0.011907605880140393,0.9968614509453354
0.006190436686731138,0.9966260248290216
0.004692153708797442,0.9966921740260721
0.004812460864108359,0.997004391142383
0.017794644468554388,0.9969657780556844
0.006672889897678225,0.9969471727213027
0.0026853386678125086,0.99664858056488
0.01112537168700256,0.996799109580734
0.0060910738091962124,0.9967222478240336
0.00832208924353478,0.9968800638861992
0.012929173240121383,0.9973413323479405
0.0056542832895131725,0.9970128648278733
0.004212362785512291,0.9972275814933469
0.029139076906523897,0.99882632807616
0.008013802168294282,0.9986132353722469
0.013482997269784136,0.9977276718295828
0.01856365900696022,0.9975346761560211
0.0187898452699215,0.9973345208119904
0.01362772229494824,0.9972943256153441
0.007910553101538986,0.9970198553354879
0.0064122701236052895,0.9970726579659916
0.0030923444493005103,0.9972746983758083
0.01607452805374654,0.9972124942043614
0.004952773482870376,0.9972064647255352
0.0044054550826203576,0.9969818892081032
0.009405255272194712,0.996822624853104
0.007811190224004063,0.996375688746958
0.010042205658342627,0.9966188918972829
0.011209056825313535,0.9969896658182468
0.007374399704321021,0.9966412453663273
0.00593247920032014,0.9968223391815616
0.03715287907481818,0.998895662002508
0.042622074176308034,0.998509557422868
0.010575417899563675,0.9979632486033938
0.010349231636602396,0.9966091738166376
0.015511354611575656,0.9966903592328336
0.02122852380498491,0.9962396724838899
0.022726806782918607,0.9963043639380339
0.03223142135582441,0.9965632517507904
0.04521360496027044,0.9965807016379024
0.034091850389394274,0.9968130364009132
0.024733621823903536,0.9966510453432256
0.03854433217871861,0.9967406193928952
0.02132788668251984,0.9971173542934221
0.01909687124818127,0.9973207809521373
0.04034813373183743,0.9973109028712258
0.021764677202202876,0.9971181484481971
0.02320659770620376,0.9971769902738705
0.005469195101489854,0.998560489783168
0.026577461175254505,0.9984153714714284
0.026803647438215783,0.996953615412612
0.02164152446324252,0.9971194568430963
0.015924355269833268,0.9968925694683475
0.014426072291899572,0.9969911045756116
0.004921457718993771,0.996809743201979
0.00806072588545226,0.9968369682828024
0.003061028685423905,0.9969945098918813
0.01241925725091464,0.9969407455694792
0.0013914531039004308,0.9969265147881757
0.015824992392298343,0.9967375125306813
0.01805600782663691,0.9968755522927216
0.0031952546570192526,0.9970829131506008
0.015388201872615304,0.9967755991690592
0.01394628136861442,0.996839568470248
0.03204665627674436,0.9988955253382912
0.03227284253970564,0.9966176456616981
0.027110719564732377,0.9966799700319737
0.02139355037132312,0.9970534192077379
0.019895267393389423,0.9971818701206113
0.010390652820483624,0.9968969869893392
0.0025915307839624036,0.9968351600792019
0.00853022378691376,0.9971959582711608
0.017888452352404494,0.9968414727471978
0.004077741997589424,0.9964391883224014
0.0212941874937882,0.9968345652925491
0.023525202928126765,0.9969737045389347
0.002273940444470601,0.9971481105595296
0.02085739697410516,0.9970451307222872
0.019415476470104276,0.9971237609900233
0.00022618626296128097,0.9970513912664457
0.004935936712011979,0.9968147025307152
0.010653105905421234,0.9966860156839868
0.012151388883354928,0.9968393399780228
0.021656003456260727,0.9966408558610883
0.03463818706070676,0.9965594362196064
0.0235164324898306,0.9970214979699058
0.014158203924339863,0.9967086664452297
0.02796891427915493,0.9972597343267203
0.01075246878295616,0.9971916330652456
0.00852145334861759,0.9973950956506382
0.029772715832273755,0.9975204265526264
0.011189259302639198,0.9972919381660544
0.01263117980664008,0.9971993203581971
0.00516212297497326,0.9986623490079112
0.010879292168382517,0.9983117222328467
0.01237757514631621,0.9982110396626959
0.021882189719222008,0.9973395754741433
0.03486437332366804,0.9969683065356916
0.02374261875279188,0.9971986683276851
0.014384390187301144,0.9971067986600387
0.02819510054211621,0.9969517390163822
0.01097865504591744,0.9963149622421805
0.008747639611578872,0.9966359508323741
0.02999890209523504,0.9968838012651164
0.01141544556560048,0.9963635311731389
0.01285736606960136,0.996254519007128
0.005717169193409255,0.9984345158051736
0.007215452171342952,0.9982370072283765
0.01672006674424875,0.9979195236611336
0.02970225034869478,0.9974673718414594
0.018580495777818617,0.9973883291581719
0.009222267212327885,0.9973050936754522
0.023032977567142957,0.9967062365737567
0.00581653207094418,0.9960436431638737
0.0035855166366056124,0.9961622258234416
0.024836779120261776,0.9965479309462288
0.006253322590627219,0.9960817707728566
0.0076952430946281005,0.9961927978862535
0.001498282977933696,0.9993903951878147
0.011002897550839497,0.998540309172663
0.023985081155285522,0.9980185149204238
0.012863326584409362,0.9976816785952504
0.0035050980189186287,0.9969550997893489
0.0173158083737337,0.9962428868851104
9.936287753492534e-05,0.9956052013404333
0.002131652556803642,0.9958627857883414
0.01911960992685252,0.9961040285667354
0.0005361533972179644,0.9958060306920627
0.0019780739012188464,0.996270493597152
0.0095046145729058,0.9989892059772112
0.022486798177351826,0.9985023631737001
0.011365043606475667,0.9981424182703085
0.002006815040984933,0.9975316663789816
0.015817525395800003,0.9963863241860887
0.0013989201003987704,0.9956135274194675
0.0036299355347373385,0.9958755394594077
0.017621326948918825,0.9961781351111048
0.0009621295807157315,0.9958913825691128
0.0004797909232851505,0.9964442291506936
0.012982183604446028,0.999457680700564
0.0018604290335698657,0.9987980706995448
0.007497799531920867,0.9982111913160703
0.006312910822894201,0.9971957749494937
0.010903534673304571,0.9961462776099927
0.01313455010764314,0.9961086726557361
0.008116712376013024,0.9964339939511282
0.010466744153621532,0.9961009426665037
0.00902482364962065,0.9966254074651082
0.011121754570876163,0.9992496110490798
0.020479983136366897,0.9987093185935912
0.006669272781551827,0.9977397572688905
0.0238857182777506,0.9965225713498252
0.02611673371208917,0.996138171309136
0.004865471228433005,0.9964860044441362
0.02344892775806756,0.9960931792913138
0.02200700725406668,0.9964757516495903
0.009358228565490732,0.999338357677816
0.004452481789324336,0.9983375951234552
0.012763963706874435,0.9970608855887613
0.014994979141213003,0.9968308287907891
0.006256283342443159,0.9968224358444192
0.012327173187191398,0.996515799306736
0.010885252683190516,0.9969090455725298
0.01381071035481507,0.9988006291876451
0.003405735141383704,0.9974567076221585
0.005636750575722271,0.9971755293433747
0.015614511907933892,0.9969634798028904
0.0029689446217006643,0.9962271213469424
0.0015270241176997823,0.9963714182839166
0.017216445496198773,0.9985395375056612
0.01944746093053734,0.9980785913851266
0.0018038015531188225,0.9978312035334224
0.016779654976515734,0.9971713916952151
0.015337734472514852,0.9965998177906218
0.002231015434338568,0.9992118715613956
0.019020247049317596,0.9988459388229328
0.0004367905196830391,0.998398013177732
0.0018787110236839208,0.9975927641607022
0.021251262483656164,0.999139353145003
0.002667805954021607,0.9986743873884634
0.004109726458022489,0.9979156442683816
0.01858345652963456,0.9990762814601094
0.017141536025633675,0.9984627785441429
0.001441920504000882,0.9988517597753603
