FC_CORR,SC_correlation
0.9848007539103346,0.9992206201398978
0.9880012180118776,0.9987694282753293
0.987870751793068,0.9981739700997112
0.9888200877897453,0.9974477728429533
0.9871846479626499,0.9973139200554348
0.9865734700293747,0.9970912626618575
0.9895371716881104,0.9967825013887122
0.9895492200137996,0.9971902540700576
0.9859737199109152,0.9968524491824824
0.9899731631597264,0.9963351780573808
0.9890944650263724,0.9972327142952973
0.989015645452792,0.9969360311421721
0.9885589007681976,0.9970873577069744
0.9885237308622176,0.996918820952361
0.98703365791376,0.9968266475382744
0.9858193723426902,0.9968969653344576
0.9871003165677795,0.9972467992869604
0.9868737471625002,0.9973694377013171
0.9860904879548851,0.9968499677036899
0.9873930314173512,0.996597624229971
0.9876493039320678,0.9966351303968484
0.9870931660256224,0.9968024237193664
0.9898054735653725,0.9967358745634621
0.9876962053567424,0.996724898839164
0.9860378629047658,0.9966625054454493
0.9898012194979282,0.9965683495722213
0.9873588065937261,0.996625484351891
0.9874467591528823,0.99646991802724
0.9880580506235023,0.996265148857252
0.9880280353896632,0.996731196346414
0.9887539633769232,0.997005127067977
0.9877256930455727,0.9962329201985968
0.9898824722849048,0.9968142248908752
0.9888094083391795,0.9971797195433107
0.9872241834876762,0.9967359560615888
0.9855261100665316,0.9974073040136355
0.9869086431905543,0.9971845027758888
0.9865559037322925,0.9968590839506593
0.986524938950514,0.9966696077736255
0.9857107922636141,0.9969403875221966
0.9869420350914307,0.9969905542150269
0.9907285342503424,0.9971235125958896
0.9893667236783968,0.9969001129900951
0.9887392976792176,0.9970734301962236
0.9871180154978978,0.9971624507534647
0.9897764652667184,0.9963898216598189
0.9885988818965709,0.996652566688724
0.9855371755854733,0.9964741591755165
0.9877019943967523,0.9968026320354045
0.9882435504951996,0.9970704729568717
0.9897815077990333,0.9972160169341792
0.9888462201729347,0.9967551278089578
0.9871844616270403,0.9968696431420091
0.9864607313353456,0.9967974220945394
0.9880447245374471,0.9969890527928528
0.9886552835062472,0.9970266801657498
0.9890971052859011,0.9967486503891712
0.9879209886894734,0.99645443477806
0.9850083118377939,0.9963331518648167
0.9861682784135964,0.9963174462858457
0.9877070710862829,0.9962362592678897
0.9891546796721179,0.9960819245884904
0.9862372418871888,0.996146231609826
0.9884120689027126,0.9960025157812614
0.9846964624654003,0.9964014897826787
0.9889225570984521,0.9970797226122344
0.9865777991198876,0.9971269644273901
0.985755475692286,0.9975080064217896
0.9860251336804781,0.9975558928614529
0.9876200472598288,0.9970815130445507
0.9883671540216716,0.9992670105015392
0.9863621722640247,0.998578121257215
0.9872989784879372,0.9977673349616819
0.9870574550050577,0.9975759534681296
0.9836739966319875,0.9970484540634589
0.9879020228505436,0.9966908452784113
0.9885010164187827,0.9971296877237834
0.9860413296185808,0.9969518550446994
0.9856744062621859,0.9964975317646751
0.9851245730360653,0.9972142462634733
0.9869618613395292,0.9969168842428316
0.9885996821123136,0.9969013027078771
0.9871968457453283,0.9969948972026861
0.9835952618897668,0.9969445394854333
0.9879681082283128,0.9970056157952115
0.9867865540706936,0.9972958511679569
0.9854509393517505,0.9974240437152221
0.9872048286823031,0.9967956551983593
0.9875696169315261,0.9967082407221814
0.9856128912488074,0.9968258915198688
0.9875092483221016,0.9970788080863128
0.9857987897016841,0.9969711877747855
0.9897128246505914,0.9969527083021997
0.9844327327343765,0.996989823445528
0.9877460056696769,0.9968979881470951
0.9880535636615632,0.9967709755846184
0.9847588854180664,0.9965417604030528
0.986663200391736,0.9963966089178429
0.9879087409711963,0.9969110883106451
0.9857420780070648,0.997206413028744
0.9882183298274787,0.9966498417022698
0.9863139206479897,0.9971201918075197
0.9895274448473709,0.9973955312546969
0.986648114458524,0.9967832288890922
0.9905621524481758,0.997352890811513
0.987254518525272,0.9971304766162584
0.989194516047804,0.9968605202639756
0.9872742458865665,0.9966337702189488
0.9863315176839267,0.9970573142743678
0.9864186271921702,0.9971371013059273
0.987921863415817,0.9970823801912739
0.9882955566575171,0.9967205465905382
0.9867062520894248,0.996964764569582
0.9867327441505882,0.9970686147755357
0.9893302278863289,0.9964053579360643
0.9869416939781338,0.9966462184635155
0.9852297194715101,0.9967896356960205
0.9856051795752568,0.9968851549153661
0.9872472362167231,0.9973575969008266
0.9870504733487084,0.997156134417328
0.989847420462378,0.9966631331400656
0.9833513120441408,0.9966583647243052
0.9880360171642141,0.9966867594708783
0.9873634944955617,0.9968744114008639
0.9867763068900202,0.9969591064100086
0.988056155330568,0.9969510350634551
0.989718003155308,0.9966250757556984
0.9885945541508903,0.9964862766073861
0.9829461839939128,0.9967167881111434
0.9863945667756944,0.9964172889275944
0.9863070245537104,0.9962086170406436
0.9872426716900465,0.9962332773475758
0.9872932560404892,0.9961557104915408
0.9878566024423788,0.9964653012629837
0.9890168462605345,0.9970237249511936
0.9873829565562536,0.9973065080531306
0.9897049799798195,0.9975632368062137
0.9885962103528704,0.9975062762672845
0.9883532576763123,0.9970567963202132
0.9870495010207446,0.9991321141025197
0.9896052419786634,0.9984120187453873
0.9902248806777242,0.9982427261539558
0.9885374013217032,0.9976631679464067
0.9899247726234057,0.9969170051791344
0.9900548554783744,0.9971042277862714
0.9903216329176202,0.9972479712098784
0.9897096509932352,0.9968846733766008
0.9896636478477016,0.9976016194367917
0.9896783505948608,0.9972425119655373
0.9900896808442903,0.9967792806735923
0.9904779171443703,0.9967577205619701
0.9891685936992337,0.9966620261976613
0.9891931272481103,0.9967562970525331
0.9893057294502537,0.9971361658458406
0.98776834474328,0.9972545420267955
0.9888853712360561,0.9964854016187212
0.9883873138205278,0.9962618262638365
0.9889963070221909,0.9964903533051616
0.988379127268,0.9967447256739641
0.9909121381723155,0.99666877306072
0.9917316785407116,0.996702503755296
0.9896339164329301,0.9968008389076984
0.9902944556482256,0.99691790593849
0.9916850577183352,0.9965136989493181
0.991314567610237,0.9962725435040942
0.9901748446415336,0.9964104578228643
0.9923918142957291,0.9968650846588578
0.9902112384134486,0.9970166763910675
0.9916516852585763,0.9964149310595379
0.9907627903808445,0.9972058309011923
0.9928301922587741,0.997207178916734
0.9885916078271517,0.9963969108160973
0.9900625357858897,0.9970235425301529
0.9908321508779994,0.9971912004941923
0.99018498683508,0.9966013978139315
0.9903801857482949,0.9968302384472658
0.9906832918597204,0.9970223067460077
0.9905658775370156,0.996870866656248
0.9918688413182445,0.9965935964905848
0.9911111604122637,0.996269877276124
0.9896621636137578,0.9965201516720033
0.991968465823152,0.996747112434408
0.9919796932128584,0.9960910410622142
0.9906627681974202,0.996107197459692
0.9891319330222397,0.9962018304553028
0.9899105616422936,0.9964043214911853
0.9920673647142192,0.9968495720598473
0.9888480365225792,0.9969521012313955
0.9901860842106016,0.9964819859811219
0.9870731495086941,0.9965543334098568
0.9909554523751964,0.9962684850987404
0.9912647421178084,0.9965165720070749
0.9892882349127821,0.9968253879771181
0.9927041951693873,0.9966075946337416
0.991801314808242,0.996264504973956
0.9888581750413522,0.9957083434104259
0.9877635018255576,0.9959985054073593
0.9899555639467404,0.9960021641920902
0.9896874887890755,0.9960091368569016
0.9901531013086096,0.9962068938471341
0.9871184426519649,0.9961417543584584
0.9880337020891273,0.9967262272759265
0.9910077693161741,0.997320802719126
0.9862419012422694,0.9973557747626797
0.990326497409542,0.9975462490728184
0.98920517862882,0.9977103126231441
0.9910589617424088,0.9970135773476573
0.9896491367996115,0.9988622450532264
0.9872881940851432,0.9987574637844968
0.9862046840643155,0.9981855777334515
0.9881762507101288,0.9973629838432858
0.989483385853784,0.9970553751813449
0.9827822990734632,0.9971491239188061
0.985327807796504,0.9966664762435072
0.9862937235990585,0.997284646529363
0.9864755584234812,0.9969633760786328
0.9863546661618368,0.9969478334526544
0.9876400909257184,0.9968933494090547
0.9867243368945998,0.9966889939814336
0.9843255484109265,0.996767184151307
0.98829381576266,0.9972064247277238
0.9828222296155277,0.997278104734514
0.9853798956117888,0.996498088182672
0.9870641476980351,0.9962444655878918
0.9857042530999884,0.9964469005935802
0.9869981104495182,0.9967576792945025
0.9858304132780876,0.9967688417602354
0.9878974041121512,0.9968838642895098
0.9817174953092835,0.9970953775989992
0.9858481605183647,0.997175541056044
0.9854888021437187,0.9967838023997877
0.9871348972852755,0.9963401415486792
0.9855256151448752,0.9965664441034928
0.985652431439765,0.9969401057642344
0.9888948454304676,0.9970316146985176
0.9848613883212141,0.9964744791265162
0.9878389028052738,0.9971411597483568
0.9875680999834706,0.9971442635633608
0.9868237120350286,0.9963423517725173
0.9855225589239872,0.9969247240155008
0.9850846726556035,0.9972231546371149
0.9869859267480371,0.9967206186517
0.9869489073572528,0.9967535755403744
0.9857029887368226,0.9969786502115728
0.9855951643896854,0.9967095367992496
0.9881872226345445,0.9966688544497431
0.9888568375819357,0.9962407240591856
0.9876354139199784,0.9963466508580928
0.9842522373208265,0.996573106580257
0.9874620469830995,0.9960899764425863
0.9867998377513408,0.9962417371961058
0.9835861793598892,0.9963440241562835
0.9857203232765884,0.9966538081501009
0.9856134376067716,0.9967246472255709
0.9871057869291456,0.9968418219663374
0.9879170839080661,0.996389502454844
0.9857214660820736,0.996595665102668
0.9853195486649473,0.9963729906327299
0.9862209456342832,0.996614072356241
0.9853787835729014,0.9966284264758589
0.9885169899952752,0.9964830722406264
0.9872439263655021,0.9964313823923232
0.9865104348283943,0.9956766085450912
0.9782062634899222,0.9960929199746433
0.9853893918481088,0.9959558869164672
0.9838478478239225,0.9959428116946792
0.9865745919262566,0.9963180588108258
0.9857857635671076,0.9962689424166083
0.9861980595629619,0.9966445579575796
0.987263031010792,0.9973244958643704
0.9847165611218531,0.9971265882621904
0.985395002383708,0.9973891806696954
0.98899261012053,0.9976276698211101
0.9886151925765297,0.9971688019403661
0.9919342186857136,0.9992411063603752
0.9891414667728696,0.9989546413378022
0.9893289599137784,0.9977322351788125
0.989469739507224,0.9973641277994568
0.9859992533347328,0.9970121519347792
0.9891260804773566,0.996544726283056
0.9870116489402024,0.9974247097857194
0.9897940575901619,0.9975402658279123
0.9897018323526536,0.9968192384300413
0.989642238077512,0.996855286877588
0.9896107276776358,0.9966126222396995
0.9897614917756512,0.9967389637399977
0.991797800207324,0.9972039070809608
0.985567442660036,0.9970339362317987
0.9863806659247629,0.9961436465139395
0.9896392562882232,0.9959594840856272
0.9866178257859864,0.9960876135833628
0.9902815992224416,0.9962783693926851
0.9894530687284298,0.9962878788528247
0.9901977727646851,0.9962977201462944
0.9865418777665687,0.9967025878688832
0.9867663891474064,0.9967599008059111
0.9886338727224541,0.9964145598691356
0.9901306786861411,0.9961513892093085
0.9897222002121808,0.9963541859102301
0.9894819604114333,0.996715659554788
0.9885498320451593,0.9969789236174237
0.99016943797937,0.996179586655144
0.9892193219261176,0.997502566036055
0.9899364179890029,0.9969515055867472
0.9907227226724106,0.9960982384877377
0.9885400724629416,0.9966645045253149
0.989092468158176,0.9974478228707283
0.9907362790114272,0.9964389026664935
0.9899260613246941,0.9971600731743786
0.990052860491552,0.9973457848255876
0.9859869241518144,0.9966331294143299
0.990115385864436,0.9964801570965216
0.9907562020827358,0.9960052876036961
0.9886277267419603,0.9962495377744701
0.9894457403546887,0.9965840460777794
0.9897856034961952,0.995721872426562
0.9895119337533383,0.9957897478411667
0.9891563335653056,0.9958372333937752
0.9880449917999411,0.9960777894390768
0.9880838767309152,0.9962353492604055
0.9870134816783904,0.9966804892064256
0.9900907547878394,0.9962306262324627
0.9845976895858538,0.9964068761820531
0.9877760235327728,0.9962406593944435
0.9891497083026649,0.9965051477512592
0.9899900762426912,0.9966910599718593
0.990524302011048,0.9962907316225441
0.9901645799532959,0.9959185253777572
0.9888122857846471,0.9953527001523597
0.9878010575493473,0.9958044405429692
0.9896403156845495,0.9957632011608488
0.9887650545703512,0.9957595799243468
0.9884547848493802,0.9961747095090736
0.9882814110586824,0.9959766126343709
0.9881736071056141,0.9966129099706317
0.991567679074072,0.9972144420767941
0.9892135059391488,0.9970336056274627
0.9887829448086114,0.9972574610870274
0.9895628497623651,0.997331698714046
0.9893936796979289,0.9969596723189648
0.9882619788935021,0.9990543399442866
0.9906835537659816,0.9982528926270541
0.9899112408997107,0.99793874814749
0.9856094038306908,0.9975908226080515
0.9890822662931894,0.9968321269132233
0.9863190190459316,0.9975949975491673
0.988830811215508,0.9972579154029108
0.9891780224365958,0.9970538123600707
0.9904719427332016,0.9971276289151764
0.9903574598765347,0.9968667749424435
0.99071134909568,0.9970942950418301
0.9912429377437468,0.9974946188265059
0.9888870168507846,0.9972887748832104
0.9863164996837824,0.9964003891630456
0.9888008703019585,0.9961972636469598
0.9853050616888032,0.9963540979705984
0.9887964109272067,0.9965585059713603
0.9881836932590486,0.9967264670031296
0.9893655012816572,0.9966937136774852
0.9874435839950221,0.9971505520902602
0.9865980418175434,0.9970987662320688
0.9897484999516521,0.9968114978911848
0.9888087424506707,0.9965056877932856
0.991339269927505,0.9967218676860679
0.9894771190686784,0.9970514752227848
0.9880242062583705,0.9972030459712825
0.9902484650621228,0.9964572684911984
0.9903496412253856,0.9971220462011395
0.9904785921727267,0.9970881730175709
0.9868936034736328,0.9963405881219046
0.9887263721970394,0.9969952079726729
0.9904678472386584,0.9973241855069016
0.9898556185170801,0.9969221014795987
0.9895765131144125,0.9970620796929338
0.9903465556139068,0.9972682358489408
0.9860920271460506,0.9969173041920064
0.9892192323979971,0.9966701621420232
0.9878635075891512,0.9963799935187939
0.9887615260579741,0.9965340446765344
0.9905943507393544,0.9966739202487651
0.9881850795949105,0.995862682728875
0.9887636891717196,0.9959021840319161
0.9878658443047215,0.9958704463648879
0.9864157131493337,0.9960709779428419
0.9890436870783453,0.9964032301197309
0.986244879094249,0.9968850013959578
0.9882306208341343,0.9964701963678787
0.9854626258963736,0.996641917577945
0.9873216846257461,0.9965054957012489
0.9896115774436266,0.9965911817425731
0.9896208225087155,0.9968561133054584
0.9896685392848954,0.9964547416270253
0.9890305511059859,0.9962430658895293
0.9896620766399565,0.9956205844473107
0.9876747341751652,0.9960094538310829
0.9898609217629272,0.9960492150874801
0.9902426946766111,0.9961174854002435
0.9898018385861136,0.9965413095153398
0.9875219339858805,0.9963731372476323
0.9875569151343282,0.9969126487892298
0.992600746104848,0.9974603726126541
0.990769966583391,0.9973535730589683
0.9882438121347156,0.997545473274573
0.9875417948074359,0.9976807272095347
0.9905219089189032,0.9974010524850616
0.9896702062389812,0.9985973901587591
0.987321069356164,0.9981472941237894
0.987006381111419,0.9980435376619494
0.986151697277974,0.9971848655614216
0.9884259063380925,0.9976730467625806
0.988927658035256,0.99773595713822
0.9867848038240163,0.9971268463816608
0.9861763733811689,0.9972526326020182
0.9881418251786818,0.9967656336555336
0.987545868490941,0.9969388791203413
0.9884799717474024,0.9973895046624942
0.982831204933971,0.9972571211270392
0.98483446059722,0.9963943036910261
0.9852171652561472,0.9960602381440019
0.9842411777336314,0.9962760492092242
0.9885304835612242,0.9965159002700379
0.9857282091777214,0.9966291894762704
0.9881108873556829,0.996641201961012
0.9872788197443171,0.997049357664124
0.9874717884272377,0.9971579185244922
0.9855369637667872,0.9969537984409672
0.9899214011240995,0.9965821991657312
0.9872811866138796,0.9967780211271872
0.9873647598814205,0.997195192838416
0.9875586082830199,0.9973116588670762
0.9855274832356179,0.9963348944044381
0.9901143212068979,0.9974582388471923
0.9869759955285715,0.9969019456242312
0.9867868219923904,0.996215436235384
0.9855390187135648,0.9969235269421152
0.9877748422757443,0.9977036650200605
0.9899044537097768,0.9968703434116961
0.9849933304192269,0.9976940002720408
0.985819748137555,0.9978140422340688
0.989622095427416,0.9968363174684881
0.9868597093719687,0.9966396048134426
0.9883809488220545,0.9962736161607728
0.9869355010724368,0.9964381658273245
0.9876217246664633,0.9964671046396602
0.9871694720982335,0.9956182064840448
0.9882127916970643,0.9958151678833005
0.985238871721382,0.9958783302876579
0.9878917790834729,0.9960702767560944
0.9882959252669,0.9963468308046803
0.9859684801318739,0.9969553855822275
0.98706240780348,0.9964040723745645
0.9832115166727754,0.9965564577602535
0.986519247393534,0.9964686099349662
0.9877270045154499,0.9965894003518184
0.9850125886680915,0.9969252992654141
0.9877938762915888,0.996402306188052
0.9883288287361757,0.996221385013556
0.986604554973315,0.9956394554423987
0.9860617273873756,0.9959365100692723
0.9902333363408776,0.9962439726340414
0.9885529189361504,0.9962336652922897
0.9880729185578403,0.9966984492129471
0.9850854528709609,0.9964482264916669
0.9873775066960193,0.9970025429099426
0.9879131900339427,0.9975130581303133
0.983274730432712,0.9972131164276233
0.9873486089161008,0.9975675638512582
0.9876950526762989,0.9974715488243454
0.9879669877001916,0.9973190578473704
0.9901062844159091,0.9990469533075411
0.9898251787486704,0.9987334319613556
0.9892803396561151,0.9978305200855312
0.987153040472731,0.9975718687352234
0.9895756678966529,0.9968638148269225
0.9902185343594783,0.997281381541306
0.9884551642647113,0.9974063735009661
0.9882355143104016,0.9975577781167042
0.9888396771077481,0.9975918429880538
0.9908465959166866,0.9978647651624653
0.989006229926372,0.9974516205232026
0.9883798948532663,0.9967311676007751
0.9888964823196035,0.9966041714431425
0.986454650769716,0.9966789292186145
0.9891307638122928,0.9969873211826519
0.9886912976636554,0.9970003761697654
0.9890679619884496,0.997310912586906
0.9861212003083847,0.9971362413227518
0.9905675384514349,0.9972986383548973
0.9895804281014704,0.997310755731305
0.9900508863842592,0.9972056531799485
0.992506544477873,0.9974473651037972
0.9898290781200787,0.9974420834586286
0.989494436211243,0.997632756417452
0.9894567804560936,0.9975860547982448
0.9911080374866048,0.9968597858683095
0.9911114087130064,0.9973541163472499
0.9871934450016429,0.9969648715127561
0.988538945462122,0.9968709052960274
0.9893531359408457,0.9969768936031165
0.9908464586281654,0.99721380421642
0.9891659550168173,0.9968334712769693
0.9874949794396753,0.9971072834889992
0.9899549983855853,0.997036761567136
0.9909313610695598,0.996491024377367
0.9904169475706259,0.9968654480310757
0.9904537123278474,0.996939015404795
0.989168154476459,0.9964672791507465
0.9894500537587032,0.9963880849217615
0.989161556063294,0.9966624373137616
0.9858708681706672,0.9965114371128094
0.9871752888362925,0.9967338945486504
0.9917119971877264,0.9969361737259816
0.9876657462896488,0.9972081096295385
0.9904726999174995,0.9967110683154342
0.9852701613089935,0.9968945264881304
0.9880838422675661,0.9967182579154158
0.9887071523461228,0.9973085819991824
0.9878440988198,0.9972852307338255
0.9901763441666248,0.9969937636958056
0.9905286656922304,0.9967435174781741
0.9896984104088714,0.9968827929133449
0.9869719295937375,0.9971608602824628
0.9904881441429568,0.9972644677184017
0.9916912984187672,0.9971796327789965
0.9901947209115539,0.9974543500666189
0.9881024559901138,0.9972699331960256
0.9876784076062664,0.997234804601889
0.9904445495261667,0.9972314887484744
0.9865127214837984,0.9970281636780249
0.9890296492388008,0.9973596864072029
0.9874539500637624,0.9970946007333603
0.9920479508134947,0.9971376543377616
0.988328487087591,0.9991761657482131
0.9913427835695584,0.9983803769147507
0.9890397736884547,0.9980199500945816
0.9888932126327216,0.9972813087627219
0.9900698172238611,0.9974426921738557
0.9913128018158393,0.9975249843778004
0.988071718513672,0.9974331018174659
0.9891416882403578,0.9972615638757709
0.9877618709404568,0.9975141113784691
0.9870435308467325,0.9975382478446282
0.9871273313639557,0.9972660309607002
0.9897061546560488,0.9970399764974733
0.9890069224215549,0.99714623175015
0.9868475967173349,0.9975104563026596
0.9896538612016303,0.9974903985631552
0.9896646305476977,0.9973623035577799
0.9883411867802409,0.9976414194675984
0.9896273327317235,0.9971779036945024
0.989488807236228,0.9973778247931184
0.9882563631771496,0.9973425037048745
0.9890037376351423,0.9971933239586817
0.990982504192628,0.9977559906783777
0.9915729004126339,0.9980125321052687
0.9905791894426688,0.9975304158823959
0.9898596597368019,0.997089092320601
0.9910410944562723,0.9977012324074112
0.9874374963157345,0.9975825158966323
0.9890418452294979,0.9974973537079121
0.9891844659158253,0.997263509814535
0.9893878061759774,0.9976735375324312
0.9890028462173217,0.9969628092187206
0.987059126863354,0.9972019996798909
0.9888452322823753,0.9971500545717795
0.9907564002038391,0.9970295649050928
0.9905004273435551,0.9971808429788557
0.9894652958734493,0.9971300462729399
0.9900869283413312,0.9971036727731863
0.9910325722004931,0.9970075949503091
0.9898006722457703,0.9971815271444697
0.985933467135236,0.9970070753876904
0.9901884115534008,0.9972129660838
0.9888063752583005,0.9975424051209046
0.9911342650556002,0.9974240401439136
0.9887197217741263,0.9970122417413053
0.988372504149066,0.997209056448425
0.9887534251974208,0.9972366412488552
0.9897330769308458,0.9974083034643085
0.9889684726098482,0.9978094786851223
0.9909373036944673,0.9973321897636328
0.9903757819173549,0.996758851784568
0.9862447932690647,0.9969209857002873
0.9849482656442349,0.9971376905118472
0.9888739002735784,0.9970781422731347
0.9887628323582541,0.997059792206404
0.9892340329836024,0.9973027253341896
0.9891468615480269,0.9970308274755116
0.9876862063960861,0.9973799555238314
0.9911182001226668,0.997363286614706
0.9887595026022605,0.9971292928227825
0.9869657933241148,0.9975335053828147
0.990351440778755,0.9973663760162684
0.9907356929213693,0.9973326126024498
0.988437700081476,0.9989934628793011
0.9897517630667955,0.998344729218036
0.9892524753419423,0.9974940701572719
0.9888858612475769,0.9975908836908209
0.9875896632594064,0.997436910389828
0.9883869505962039,0.9970614118060938
0.9866295404172641,0.9969867642174212
0.9872406226058736,0.9973375079540384
0.988627562612705,0.9975390067365943
0.9877295780545152,0.9969275146031232
0.9892081123672366,0.9967097057877704
0.9882965539757748,0.996887338774544
0.9862210306346749,0.9973805493843526
0.9899194000134652,0.9973458467390253
0.9878322931960056,0.9972187127955155
0.9858161003541616,0.9975559939868215
0.9907544067477645,0.9971807310355666
0.9894673115812774,0.9970974451424705
0.989003214134204,0.9970747951456445
0.9888915700014425,0.9973173905914752
0.991097822601416,0.997832806948684
0.9880010258905743,0.9979873342669127
0.990086684613858,0.9974655965860983
0.9902447834748211,0.9969297592703585
0.9893310697572248,0.9974756203325129
0.9857948329084093,0.9971259620469216
0.9857733563655648,0.9970671637578192
0.9899659558748386,0.997104607340834
0.9881118259256064,0.997333937530647
0.9871680188783949,0.9971110272821918
0.9890500089356032,0.99710965399238
0.9889546480665976,0.9966924880801052
0.9895001896640221,0.9965722429956151
0.9898492435281693,0.9967221224859154
0.9882550331891377,0.9967780671712305
0.989765611892619,0.9965560500261818
0.9891343111243432,0.9964989582418048
0.98910750847692,0.996767555619612
0.9876174614453284,0.99653303410946
0.9883397838795251,0.99681315719046
0.9906602886088314,0.9976008401527545
0.98738488692796,0.997614152454245
0.9875452825872884,0.997053337232219
0.9854152220064518,0.9971083623854451
0.9889647055326573,0.9969526565715062
0.9896859651146539,0.9968825529884776
0.9872277759206488,0.997366002411974
0.9892450080981992,0.9970107447832077
0.9892766944486809,0.9969224341488931
0.9842588491010197,0.9964087983602716
0.9870787482402109,0.9966984380463069
0.9892444403401608,0.997064591858474
0.9884770218246064,0.9972033722914456
0.9863308463469811,0.99731499239614
0.9847280498152576,0.9972509241902319
0.983477334916864,0.9975149059818073
0.9885111251940456,0.9974344456041233
0.9847086417722272,0.9970606705685776
0.9878646424568974,0.9976175045383168
0.9870958279590007,0.9969955020400311
0.9879248775694622,0.9970237687495358
0.98764872830609,0.9986626003450365
0.989563911117159,0.998192973034534
0.99151015730356,0.99801039143915
0.9906739756405613,0.9977102026929933
0.9861486010537539,0.9971206621401832
0.9878708855780568,0.996957670075781
0.9877638018798288,0.9968617515172504
0.9887838350968654,0.9969962704028426
0.9863808364854755,0.9970610919184848
0.9890063250636861,0.9969094503056457
0.9869351508281986,0.9970355524639511
0.9849577129654336,0.9973345473113276
0.9907240788822336,0.9972971344151856
0.9891286562844384,0.9971618142135146
0.98541841118028,0.9970451889369453
0.9906280736446412,0.9967831659226936
0.9884504864394397,0.9970433994695916
0.9898744326544998,0.9969926491452104
0.9889311351257296,0.9967268007451325
0.9911309365368477,0.9973756392754253
0.9880538700528606,0.9975048036107954
0.9914174453388775,0.997060398539841
0.9896288409391568,0.9964930293199185
0.9903001386874455,0.9969897903058788
0.9873561495985622,0.9971532949253816
0.9883887904620952,0.996803224269309
0.9882928641567662,0.9965377190274108
0.988826905218947,0.9969899630191635
0.9886480970967289,0.9964036187191304
0.9885889728344378,0.9964216392095181
0.987644396392492,0.996153386071571
0.9911377012727952,0.9963618246617267
0.9900490337183108,0.9964359748915197
0.9912995863883872,0.9966188918920218
0.9893116727379914,0.9963291236367656
0.9894263030180545,0.996505429450232
0.9890166580395059,0.997020882649
0.9879366441315217,0.9967502196329994
0.988218925501936,0.9964969687224255
0.987699286510268,0.9971451151014291
0.988456757347965,0.9971091703171288
0.9892904952469666,0.9970337817329848
0.9886076011285746,0.9966072334431126
0.9889835881588117,0.9969357546547823
0.9895888752696803,0.9965339759216288
0.9899509385960611,0.9972818162308273
0.9894253515710352,0.9969600690265074
0.989996221958384,0.9969858234671389
0.9846982195289966,0.9965296154669309
0.9895622939921367,0.996769963822001
0.9886690094967537,0.9971247565036931
0.9905642289823182,0.9973360480403674
0.9889611231655016,0.9973238055191774
0.9893829698475056,0.9973483214474792
0.9854123110105818,0.9975470704326301
0.9919229625398495,0.9971293126948787
0.98724325675,0.9967527887565707
0.986806268570478,0.9971632568001043
0.9867165919892112,0.996756060579236
0.9880739700772787,0.9966256689625376
0.9890928460397002,0.9990187282438832
0.9870401000448531,0.9981762356406546
0.9898544303388619,0.9977993711676537
0.9890288746815269,0.9971423118195518
0.9867407814971008,0.9966528155892371
0.9857266419427536,0.9970872285950163
0.9828313738704952,0.9970481287512355
0.9858058092009037,0.9963978059521896
0.9856279427019854,0.9961982097855474
0.9907715808774179,0.9965181413761912
0.9887186407616536,0.9965154377173182
0.9881822677595571,0.9965324472202703
0.9887982679753348,0.9965078371631608
0.9889354356757432,0.9968443898763512
0.9886770812847113,0.9969186335299968
0.9888215077481811,0.9967882102505287
0.9883625750609658,0.9967322773091872
0.9869434870900192,0.9968404229460492
0.9889872944494744,0.9975302619063939
0.9890969153978104,0.9975995420924829
0.987698440007262,0.9968047141870813
0.9901297890963384,0.9972565131232471
0.9874275928734837,0.9972587448243944
0.987816128145148,0.9966067152669715
0.9844974922011612,0.9971886309464804
0.9892303386845775,0.9974540434442525
0.9865255994663411,0.9968395805696368
0.9855008500108215,0.9971479432139555
0.9881030244023555,0.9971598552020232
0.9879061395370773,0.9968377787508013
0.987525590695939,0.9967335530627206
0.9894267112029886,0.996537920237681
0.9869793178459167,0.9967863192882904
0.989192122107535,0.9966075223566792
0.9897620027979251,0.9958762373037019
0.9907629856823568,0.9963137239827324
0.9883259551177891,0.9958657995466653
0.9902831520880144,0.9960769582287523
0.9892892344195628,0.9966381960152032
0.9904993468547271,0.997031247475881
0.9882559984792029,0.9963953147311715
0.9871384362840359,0.9968882348420257
0.9888851257419646,0.9965150478912032
0.9902478267992912,0.9969003701416416
0.9874489606372809,0.9972369715213731
0.990373286784897,0.9962750464701562
0.9901548282524467,0.9962139208558957
0.9842254352930851,0.9957430570713984
0.9863680018957997,0.9959413293729187
0.9899161775542932,0.9964119928237907
0.9869649839784383,0.9966868542221825
0.9867515602582805,0.9969105461707289
0.9856641778542728,0.99672827050554
0.9873475474044574,0.9973386985651688
0.9888702527711901,0.998031107133844
0.9852915577256691,0.9976512635665422
0.9885221068375386,0.9977982887265272
0.989337578663288,0.9977594125901443
0.9880225817607591,0.9973548121274205
0.9904021489730928,0.998570483333708
0.9897124757932675,0.9979939549273469
0.9884809576697331,0.9973405391455267
0.9858024743090753,0.9970170961426592
0.9885338278691072,0.9967355278484968
0.986068891873907,0.9966410122224456
0.988286952694088,0.99644838619914
0.9893747552567472,0.9962024693777097
0.9885136610933976,0.9964364184481848
0.9872950127871128,0.9964831100230614
0.989259308190684,0.9965554567725493
0.9874393976132464,0.9965044349057814
0.9865817855378901,0.9966230051963715
0.9901668283526897,0.9967387606132992
0.9878776118759053,0.996923342972542
0.9905505531917944,0.9967037277778269
0.9894668400570696,0.9964277072806064
0.991535642298852,0.9968840297725744
0.9884064492302178,0.9969746319906376
0.9912116454541664,0.996179246045152
0.9918080392809971,0.9971942704162134
0.9909786413395344,0.9966842852946634
0.9882936686082056,0.9964329787085076
0.9881553185079485,0.9969493285561086
0.9894811522197232,0.99751222062523
0.9907199247181958,0.9966955848239604
0.9877286070418586,0.9972284535655722
0.9876087778811418,0.997298591165224
0.9895616069029459,0.9964734500828579
0.9905054371982253,0.9966939939557368
0.9907071465220333,0.996572887062663
0.9904899815227337,0.9967219100779859
0.9906729172592807,0.9967341638725635
0.9906823290195165,0.9959319690875673
0.9893318620412621,0.996244464609416
0.9871309449190712,0.9959095423126035
0.9882556050875144,0.9957137951116618
0.9905372155813552,0.9961774407190717
0.9885582647215405,0.9966731338313936
0.9904919863750716,0.9964667166367456
0.9849728608700273,0.9965988318168154
0.9898887840535469,0.9967125563390605
0.989988606873242,0.9967055997714778
0.9903404760822663,0.9973111981479575
0.9902156404721345,0.9962029187250323
0.9915879439412048,0.9961579905866803
0.9876385699099459,0.9957436412284656
0.987536023549952,0.9959683453001756
0.9891142864867898,0.9963394334871148
0.9880194407644936,0.9965468362781181
0.9879567757188237,0.9967804130311297
0.9867413088691298,0.9966526456301462
0.9862886137002896,0.9972187439590595
0.9902878871095443,0.9976008446275434
0.9856837520437166,0.9972686410902472
0.9896256296164376,0.9973607032773742
0.9890677401043101,0.9973332105678518
0.9875300408216416,0.9969140111674086
0.9901940128288784,0.9990221180082851
0.98812591748158,0.9983132067481315
0.9876333516205074,0.9979619497647149
0.9892680159022963,0.9977130853144244
0.9884572468658338,0.9972557163782954
0.987827886238827,0.9969702291006488
0.9910868366238205,0.9968427942243213
0.9868346652294736,0.9969650969194913
0.9854119525492612,0.9971723474885767
0.9895272529091818,0.997279732275344
0.9892401561437874,0.9971995883907501
0.983157514581874,0.997203373613329
0.9903552758580627,0.9972694597532157
0.9881264850743544,0.9975228475878318
0.9905839694368208,0.997263570364406
0.9914495534009504,0.9971501943417302
0.9914605409546163,0.9975420081264371
0.9875996297699868,0.9976747496417984
0.9921102976586752,0.9969086786359258
0.9907256083307889,0.9965371578447347
0.9909229764162419,0.9974021448086106
0.9887667694973437,0.9972085098860547
0.9889201711802679,0.9971958933428066
0.9886827182662196,0.9970820479336906
0.9889655836342883,0.9973479071974691
0.9894705485268744,0.99664571472562
0.9884534943317095,0.9967372333782474
0.9868320319514337,0.9964301246754176
0.9903404304625496,0.9968128651158072
0.9916378405580867,0.9966135930662
0.9915566119617888,0.9967606290857532
0.9878054382224823,0.9967044878758992
0.9892524217533664,0.9963731441036696
0.989052371334802,0.9968719491453336
0.9865625780440516,0.9968612725654888
0.9869983208648122,0.9966231596333146
0.9880241585654472,0.9970053137526963
0.9869421801194346,0.9973899806461896
0.9898364567869422,0.9972712215900416
0.98471381745007,0.9972502627460617
0.9893094759940609,0.9973416247743853
0.9889287227135177,0.9972901672929047
0.9905607862407431,0.9976660850296206
0.9892582759340904,0.9966951316051498
0.9911556701790301,0.9970629081609818
0.9869491441159072,0.9965081356565784
0.9891192805936863,0.9967937756534786
0.9893789191563012,0.9972425009300285
0.98968466051714,0.9973125865551838
0.9877970318984701,0.9974950697242205
0.9883559437546889,0.9974581371239228
0.9847451978704477,0.997581840952663
0.9914992012984067,0.997428887437644
0.9873728912605712,0.9971565960225539
0.9883033652154094,0.9972464064036883
0.9890268195559279,0.9971757390057523
0.9908810542684153,0.9971675244360845
0.989374905181634,0.9990457200578501
0.9873879525839268,0.9987094350247907
0.9892000664897208,0.9983141670744504
0.9876409785724115,0.997943417845603
0.9871819803947232,0.9973397533260134
0.9899533800600766,0.9971243415552654
0.9885748515948478,0.9972474703266515
0.9872310866630352,0.9975361660280138
0.9897811354694563,0.9976127311191082
0.9888714851185032,0.997567253741232
0.9863334143161504,0.9976211210775334
0.9885020421608816,0.9974083688070341
0.9899603580957208,0.997703459199536
0.9890766927463267,0.9974632485686384
0.9895470325824861,0.997144462933072
0.9903244884851331,0.9976154166487903
0.9886344470197114,0.9980096132633938
0.9920698119548936,0.9972658500985104
0.9914958131710307,0.9967619582495251
0.9890410183792483,0.9976359463413683
0.9881815009406254,0.9974925484282594
0.9877242059079652,0.9975232250509459
0.9886465780107376,0.9972312064668624
0.9888706893969552,0.9976438355724786
0.9885799944426654,0.9969987686892952
0.9900615693424913,0.9970435034636
0.985309652376168,0.9970886970353428
0.9904308265462904,0.997206040473953
0.9909384977604387,0.9967844880869664
0.98937543953862,0.9970503906788624
0.9901422905809587,0.9969391094527085
0.9900744924960514,0.99637661703914
0.9902676484634461,0.9969577910546421
0.9892829846557866,0.9972218783895977
0.9890645885851092,0.996842799928128
0.9887292806186819,0.9972861279802993
0.9889881173661752,0.9976103217755603
0.990528284080059,0.9974292175728284
0.9881533172798513,0.9972050336503026
0.9897874714472595,0.9973876083089149
0.9919008056610553,0.9972202173287756
0.9914730529321047,0.9976130469701047
0.9912718317787059,0.9971244512647375
0.9899235842963555,0.9972341340267925
0.9881119227170112,0.9968601931137449
0.9865622952550966,0.9972012552238148
0.988304813939532,0.9974723315921118
0.988113198988728,0.99756427439851
0.9883250674291322,0.9978894652202848
0.9868690037823683,0.9977405217655568
0.9879810572613799,0.9977749281418965
0.9921188060211212,0.9971937728240694
0.9903169023701223,0.9971885354857616
0.9892288360171181,0.9973225858671935
0.9903987540703107,0.99714874127732
0.9901914929462826,0.9970728435109388
0.987567472583731,0.9993196271107196
0.9892777380113258,0.9988140364783176
0.9864100946298957,0.9979573549306217
0.9851121031468896,0.9973440490957565
0.9877957202460897,0.9969008980695373
0.9867355981885965,0.9971049567830454
0.9872266360930435,0.9974272660445624
0.9888205516747065,0.9973847304640849
0.9871292542385248,0.997790172083251
0.9858591902990713,0.9973121757191987
0.9871565089030592,0.9974458687756672
0.9880171955088801,0.9977580507108541
0.9905997208396127,0.9976536890763258
0.988845195217184,0.9973278111022272
0.988912858330071,0.9972713624577805
0.9889850726828355,0.9976028765630152
0.9881684924248376,0.9974492873921544
0.9909628983046084,0.9967035767348865
0.9880478927267113,0.9976666483531722
0.9886340416589244,0.9975736145980385
0.9837990355549584,0.9976579159413891
0.9886458705786761,0.997247358160817
0.9872221120794114,0.9975926768536816
0.9875200394150216,0.9967790907341408
0.9886955545463667,0.9970019482683774
0.9862393277148781,0.9974095331153207
0.9886797815056307,0.9970906444606711
0.9888999955368963,0.9971879755915228
0.9886319728193923,0.9973747123143566
0.990121552003912,0.9968907567930805
0.9878591013336585,0.9964007976515479
0.9884972004545299,0.9969115027035949
0.9881203827003427,0.9972106103245792
0.9878334029820492,0.9966221644878632
0.9882318368391626,0.9971379290679688
0.9877464997404177,0.9975117164293283
0.987388717680532,0.9974662751734288
0.9870579244332552,0.9970247525568072
0.98618431148575,0.9973093279958531
0.9891871225875114,0.9974939150639491
0.9887291776496723,0.9974152352993239
0.989824816983012,0.996960267713288
0.9900015828957648,0.9969255155507469
0.9874502377882944,0.9972478187513663
0.9862215468686544,0.9975569477980749
0.9907077005217583,0.9978000171349912
0.9871698183607597,0.9977961071667087
0.9867754303308096,0.9978477188325726
0.98486983191664,0.9975915474468144
0.987290839874796,0.9972973823677901
0.9894848241035107,0.9966463810656077
0.987061905606971,0.9967511934698051
0.9882004013383197,0.9970022368327364
0.9890277106420384,0.9969153634259944
0.9885065777468647,0.9971256018492126
0.989055787549373,0.9992270944468897
0.9862604760951296,0.9983589013589251
0.9855653642466066,0.997652263902238
0.9864958075912976,0.997284905678809
0.9859271707492228,0.9971223472087752
0.9908216591136506,0.9974307452274277
0.9886169462218724,0.9974500993066515
0.9911504988286157,0.9977226145885876
0.9901239522325527,0.9970828865978156
0.986475980485174,0.997300528734556
0.9892053842962094,0.9977014940799745
0.987057847423032,0.9974938867424755
0.9877606820397816,0.9973114091469296
0.9889858090935123,0.997191977876957
0.9881044189085753,0.9975918710421334
0.9880659043415257,0.9974294321435182
0.98763813251274,0.9965207166859897
0.989060146028365,0.9975472788814531
0.9875302725681053,0.9974580879395336
0.9900457218368285,0.9974949657048663
0.989320927720492,0.9971551048368384
0.9891668947023117,0.997664064814688
0.9890646248114131,0.9968559045114662
0.9867190142930563,0.9970920209873732
0.9886620458256247,0.9972654222572224
0.9873065438952217,0.9969748894033864
0.9875387945935185,0.9971330467605232
0.9865216355483116,0.997266140962536
0.9900448995667317,0.9968290600008386
0.9894329719873267,0.9964535660435913
0.9883079800459184,0.9969173973915454
0.9901893483574081,0.9972404070126372
0.990116970680936,0.9966496917108996
0.9887800009790848,0.9972219907621106
0.9878431457034361,0.9974327796143369
0.9880751890178762,0.9975515159176928
0.9858734627536112,0.9970283867020288
0.9869186129777408,0.9972588032014504
0.9897207217919876,0.9973271782505869
0.9873488579413888,0.9972345785491504
0.9892075863262979,0.9971056240655624
0.9892367173420087,0.9970428285200413
0.9888559212169088,0.9972799107619077
0.9888887275568201,0.9975165052723143
0.9920428227776682,0.9976257649750819
0.9909493258398906,0.9975879630941744
0.990331797156318,0.9977120280852682
0.9889993628028115,0.9976292522101156
0.9892833403733222,0.9972294492962755
0.99014793535869,0.9967053044780387
0.9884540928131651,0.9970052301146608
0.987712436763552,0.9970726473017368
0.9874918620769682,0.9968098866698957
0.9895510155739428,0.9969848769653751
0.9881292383994835,0.9990723017138798
0.989326067799762,0.9979060208700568
0.9890030038736312,0.997542356892744
0.9838409878481421,0.9974152758493312
0.9892856520198056,0.9972742579965715
0.9875867781559824,0.997315738458108
0.989215639288548,0.9976006949839664
0.9848495268104557,0.9972189610387496
0.9863782264834748,0.9976179677038429
0.9879516149683435,0.9975485963286682
0.9886510115291021,0.9972661489005552
0.9911243635161507,0.9976023225750462
0.9898063616753203,0.9975447151014184
0.986921388127863,0.9978310683746352
0.9897118459845856,0.9976293306402304
0.9900154174829287,0.9969687209468584
0.9901165947632936,0.9979172991509336
0.9881906789866561,0.9972793028138307
0.9886670590079816,0.9973425918358888
0.989064498405496,0.9975068158884776
0.9914318242164104,0.9976445785826888
0.9910237527571677,0.9971920463783993
0.9897717177614829,0.9974344887045373
0.986787235083716,0.9975688896661404
0.9900886478962304,0.9969800947918387
0.9898923042803608,0.9970314732712505
0.9893967816726977,0.9971986726771128
0.9896420316997736,0.996900232762073
0.9888378240946568,0.9964856007378284
0.9900110000755113,0.9968794202479587
0.9878913530201606,0.9971601013844433
0.9873157847913356,0.9969868783698259
0.9906405646465383,0.99752545472327
0.9857899299395486,0.9977565866816944
0.9913109541446589,0.9973003020250408
0.9850274701525005,0.9972443406781546
0.9859398058055496,0.99711606964853
0.988459792091608,0.9975218761488525
0.9890756894725856,0.9971904810158329
0.9906322911444077,0.9970683876850266
0.9893302187731616,0.9970904736656216
0.9903229589337168,0.9972804513454888
0.9864148130819224,0.9974813366279373
0.9883915208330909,0.9976194497925837
0.9909962442612893,0.997440222925273
0.9901208110703854,0.9976379236147133
0.9884906986339258,0.9975389937776571
0.9873128755056931,0.9973019408515372
0.9907372998799105,0.9970698698193523
0.9867582553277741,0.99738076320577
0.9907244021864424,0.9974196925051779
0.9877170000980402,0.9972524223146819
0.9904731080099192,0.9972982812212515
0.9879821954692553,0.9986943325596463
0.9898472378171673,0.9983117145907757
0.9841376467961424,0.998052824605776
0.9843430425521948,0.9978253292848088
0.9900375498362961,0.9974786379835657
0.9869236393044074,0.9973377953142198
0.9814577962008387,0.9972095489077442
0.9901746426132728,0.997293261501965
0.9875954286209848,0.9971935765141845
0.9870338893172168,0.9970415870921551
0.9892548306684259,0.9973703099563824
0.9894286958137645,0.9977724848228819
0.9841615290695694,0.9979582268283869
0.9898536619951724,0.9975427276603704
0.9890905804261229,0.9972458255915385
0.9886924726847303,0.9979616311988925
0.9832423167637072,0.997388932791821
0.9873345933573048,0.997422371252936
0.9876832085322846,0.9974199183927452
0.9864977809135865,0.99752876676468
0.9886098753648458,0.9970943963323293
0.9865955139272726,0.9974815699952048
0.9865375796883091,0.9971775340036787
0.9904377814453357,0.9970405722848477
0.9860951307236646,0.9968493101920637
0.9905417344043133,0.9970181143877057
0.9868049056826492,0.997054178625616
0.9876727698052584,0.996863475162431
0.9870543741301523,0.9971093674782685
0.9867169603149873,0.9972411895629416
0.9846033352423896,0.9971459570952197
0.9889156782624707,0.9974850692902563
0.9838374379574729,0.9973886383743891
0.9875694452116898,0.9970106624593281
0.987040865741041,0.9970947303822083
0.9847708337860912,0.9969205599264896
0.9871991187602815,0.997119935788356
0.9869919283947148,0.9972502580228909
0.9856389074087346,0.9973546055245057
0.9864610551534508,0.9973088311990016
0.9853496646624595,0.9970066058785216
0.9868008854154893,0.9971794647376087
0.9872229020302145,0.9970565925025704
0.9895040765025856,0.9969160067060296
0.9871004027713864,0.9971185240349728
0.9868302931776647,0.9971039201425994
0.9833419353818001,0.9972580083141477
0.990605848725147,0.9970759021091484
0.9858992095141836,0.9973899276845187
0.985016245145488,0.997495152476748
0.9831447359717008,0.997032930010508
0.9890384007678957,0.99713382363668
0.9898648567852807,0.9994237618499638
0.9878750080768169,0.998949318032035
0.9878448773387117,0.9984906173165201
0.9866607526953912,0.998331235498148
0.9885884404009123,0.9975462601342429
0.9824093902638285,0.9969449379296936
0.9864198075077033,0.9966753478102687
0.986778449384224,0.9972134493167631
0.9861983223706047,0.9971927509567167
0.9880148395362572,0.9965923758636483
0.9879947446302653,0.9970959539657503
0.9836089207073904,0.9971844167572954
0.9883797740653587,0.9970597361157283
0.989704234975867,0.9965520320069933
0.9885957085720288,0.997213255522449
0.9872439836327865,0.9977508851816876
0.9881491418978595,0.9975876974600888
0.9899681614120441,0.9969047852553504
0.9867971190899468,0.9975407941256209
0.9900004018655632,0.9964828746437528
0.9872250936665328,0.9969123887963898
0.9870321146898381,0.9972472550962356
0.9889737227099245,0.9973491490525858
0.988666031844504,0.9973616637691184
0.9875348219487293,0.997451077678829
0.9876411911885187,0.9974790509684046
0.9900292658423159,0.997512484717592
0.9910268816355453,0.9976078529967184
0.9883070695048702,0.9977017714215376
0.987059760561154,0.997273115461348
0.9898813041582392,0.9974713790530686
0.9862631749496954,0.9967896590772404
0.9901730299352813,0.9972695628787824
0.9844129254082614,0.9967634932641165
0.9856998581934202,0.9971840023953091
0.9884619511020691,0.9970888796637597
0.9875538647071367,0.9972783845763207
0.9875440046670996,0.997825862617272
0.9883673599907777,0.9975973357228014
0.9860606032525955,0.9978216806092365
0.9825360606396778,0.9978584079511577
0.9859765222851846,0.9973285613500221
0.9875049805013847,0.9972058461966995
0.9881326267891872,0.9974887125125415
0.9878262958017389,0.9973091501679112
0.9855353219539934,0.9969201971404256
0.9883448331196537,0.9963635557704189
0.9848551574087203,0.9966822744927395
0.9896407657049866,0.9967334332296623
0.9858418153284935,0.9963542073677623
0.9888785708798008,0.9966283166403144
0.9884242147996312,0.9991317724541784
0.9870459977981824,0.9986066640447496
0.9892871259902051,0.9982556768932637
0.9890397075017842,0.9973890815615492
0.9826487053311699,0.9964341254365848
0.9882968710053532,0.9962677328326333
0.9876861554820819,0.9968038454231315
0.9889659680064835,0.996860466584546
0.9895602241702057,0.996427679709155
0.9891769361758278,0.9969808465945936
0.9860885312653731,0.9970633586959315
0.9907852925839664,0.9970543610185768
0.9903677957757313,0.9964080226343623
0.9889091310416814,0.9970949362676077
0.9874713828030942,0.997546824208396
0.9887542255399896,0.997231332853792
0.9888140762035421,0.9965248739371485
0.9881757929958072,0.9971140249432968
0.9887440794310077,0.9960177219776509
0.988694066639312,0.9964888377684232
0.9849173719237885,0.9967931412794968
0.989949548844943,0.9968524418073128
0.9903252009057725,0.9969694043603377
0.9904239207891952,0.9971583681439689
0.987808867626645,0.9970281785742755
0.9888087059331921,0.997283810536066
0.990154705717489,0.997434362426716
0.9868616504082053,0.997552325753806
0.9865298597361873,0.9970036248250227
0.9873110990881016,0.99714441277234
0.9865647541257987,0.9963184367397134
0.9876848528139731,0.9968084688899411
0.9867128583435228,0.99634498226303
0.9882402822981362,0.9967848215847299
0.9899840058973592,0.9967625195547507
0.9909628000481088,0.9969602185620408
0.9882792721824094,0.9978063957697529
0.9892450424981083,0.9975530935344256
0.985643457201308,0.9977348728312239
0.9863714269432932,0.9978073336828438
0.9889387116030256,0.9972780867797134
0.9879119803106048,0.9969563176505764
0.9869131110341917,0.9972300432711895
0.9887784485295981,0.9971395653367153
0.9853213738606705,0.9966776414975389
0.9904730894188208,0.9961085775331581
0.9895343163826792,0.9965123689880098
0.9855258247969592,0.9966425159738833
0.9889576612225354,0.9961635666491936
0.9899046560931754,0.9964936125288432
0.9874480573765693,0.9988019717144287
0.9890916285671698,0.998557938171708
0.9890147185802035,0.9978432376385766
0.9862977685895321,0.9970433652536371
0.9886613283506392,0.9967495639832809
0.9890259451954649,0.9973654277717384
0.988636315560876,0.9972452157672456
0.9857923254259189,0.9967235106896448
0.9895333577405631,0.9972982749799311
0.9894710601997168,0.9973336227832063
0.9884232966817567,0.9971534981695716
0.989650339313697,0.9966368528195354
0.9874916423752963,0.997248336887676
0.9883600718670688,0.9975164526124065
0.986101897158197,0.9974206727452803
0.989824280036977,0.9968151609335328
0.9858327713430568,0.9973421883201293
0.9862959259647801,0.9963581176966659
0.988015764723247,0.9968701344726729
0.9878521008278993,0.9970806021546493
0.9885836073785864,0.9970902210068682
0.9900794899419721,0.9970305637748595
0.9886742938943296,0.9971570737159389
0.9875017595409704,0.9969882454720538
0.9898091371461496,0.9973711226802983
0.9896430196697432,0.9974499511589968
0.9883041045071927,0.9976722460623011
0.9876188714152042,0.9971592456622361
0.9874617698400243,0.9971754757007002
0.9885364452925389,0.9967355690523276
0.9864806661334163,0.9971658758563708
0.9867742276013761,0.9967036654565076
0.9884990083582536,0.9970593622490151
0.989999214770334,0.9969656224464237
0.9872926996917712,0.9971877765842228
0.9897308231407053,0.9976510635468334
0.9887774918349792,0.9974880050883603
0.9826386773586387,0.997739850497016
0.9835911494547016,0.9978464039043846
0.9887288157192893,0.9973855106388813
0.9841061591901683,0.9972117671441901
0.9848796138243991,0.9973772232689757
0.9853871768289475,0.9971781291035011
0.9863969291807202,0.9970159197474208
0.9876602423133459,0.9963882156889635
0.9858369408052908,0.9966751851886996
0.9857717853111033,0.9967644419531672
0.9861314518568856,0.9963476363292602
0.9867908047294656,0.9969174636018228
0.9869645597942269,0.999346546301828
0.9905053338207209,0.9988635548289448
0.988423353005116,0.9980146027813696
0.9858670105847709,0.9974145074391572
0.9879761023956782,0.9975513642157362
0.9876278151287661,0.9974591784538942
0.9885223455301457,0.9970173543814499
0.9867605559563667,0.9976358975435327
0.9873595206187292,0.9976348102051545
0.9869289869753024,0.9976616244003325
0.9886484244263064,0.9968733203788211
0.9884844692347728,0.9975422796552419
0.9894562100747829,0.9979571424751132
0.9887585713403112,0.9978296348361533
0.9888470798074755,0.9970253712767256
0.9887053021205816,0.9976006958871497
0.9872849754208088,0.9965552826855808
0.9887898171644008,0.9969438571265719
0.9873930106835008,0.9968562977441958
0.9875428198267202,0.9971909522306008
0.9882982182315261,0.9973041280212048
0.9865097999050328,0.9973860633500908
0.9889974380744588,0.9973063448831965
0.9899821348192702,0.9973653975208666
0.9903872737282272,0.9975180727063176
0.9894230238907504,0.9977700291940368
0.9887564771555256,0.9972512784317357
0.9895382050208222,0.997568721718452
0.9864215764263417,0.9969271530085471
0.9896866272818224,0.9970005676564532
0.9849828684111331,0.9964217594439471
0.9875931354382085,0.9967424929584813
0.9898431984839062,0.9966893505021344
0.9884131427781806,0.9971553935209274
0.9893207960617312,0.9977284309831683
0.988492950575961,0.9974737814789713
0.9891554599848152,0.9974500254445875
0.986055087432866,0.997756753489883
0.9894431350831514,0.9973142585418973
0.9886330023491872,0.9973127119479513
0.9888094278752017,0.9976137259661283
0.987844118550195,0.9974271646957488
0.9887104773765539,0.9971101069307164
0.9897737519380979,0.9962409668938604
0.9871847063583629,0.9964804387017229
0.9882815834214547,0.9967564137734792
0.9869828383267514,0.9963276816369683
0.9884169458701537,0.9969620682337453
0.990437391661377,0.999219830258992
0.9871631492359261,0.9984957804439696
0.9906201592099539,0.9978370137772088
0.9906994902238653,0.9978516091965904
0.9908082925404821,0.9973301318350554
0.9885758740469139,0.9969097961895149
0.9910555359048835,0.9974369286472196
0.9897437328576304,0.9974578510363361
0.9908854108664766,0.9973999051386514
0.9888462500241072,0.9967681031138814
0.99056097233956,0.997392731715784
0.9885785924498723,0.9977249779275599
0.9868018784733997,0.997649802804014
0.9882063654992183,0.9970188633693106
0.9877989545535667,0.9976776057412458
0.988581674506456,0.996661906381388
0.9877547720624643,0.996970021983356
0.9874902405246039,0.9971871345488509
0.9922219755506724,0.9970561000288742
0.9899889594367952,0.9970801494216056
0.9915218034670531,0.9972461558075093
0.9903898009755149,0.9972349637771256
0.9911551007240886,0.9971222766306868
0.9885945392271309,0.997417411278676
0.9901490388430746,0.9976424982753669
0.9894147459370249,0.9972457551371696
0.9893411958161872,0.9975259642849644
0.9881252757514056,0.9969415174026408
0.989500040124053,0.9972562230771411
0.9897601169419553,0.996775086333128
0.9887780201181433,0.9970103601916381
0.9901623973522208,0.9969721144274
0.989522579852442,0.9971393451338472
0.9900641659042272,0.9978057900447556
0.9896129510066464,0.9976494489164676
0.987611711309184,0.997507908060391
0.9894591405252362,0.9977759269112972
0.9904710886405009,0.9973857776653527
0.9904267922922563,0.9975630294812707
0.9886949290905993,0.9978530392909027
0.9887413774272696,0.9977130847036532
0.9877259315539336,0.9971544953633509
0.9899927885841917,0.9964291024366408
0.9874064010525626,0.9966252011926707
0.9865728168013752,0.9969130373750896
0.987662520068951,0.9965407601175664
0.988715002012828,0.9970372468228755
0.989701002063974,0.9988500595604624
0.9890596659737606,0.9985762182314221
0.990872116355479,0.9985821345209209
0.9895868208280169,0.9979227660304301
0.9883287777532525,0.997282886845206
0.9898079781230682,0.9972398068398816
0.9882748286649821,0.9972645157511992
0.9900215922761261,0.9976021222598144
0.9892121892507453,0.9966461980716222
0.9907799417484977,0.9972247007276168
0.9882430567371544,0.9975338887022774
0.9911264404828405,0.9974854990395192
0.9908871435497792,0.9968459426402048
0.9904598113459936,0.9974581362062
0.9906136739818668,0.9965951153284768
0.9902315324856602,0.9968454450668401
0.9886788681814868,0.9972125361425117
0.9898004164341533,0.9969828116082288
0.9900029963532909,0.9973698339140963
0.9882081385715437,0.9974722106614973
0.989948084918557,0.9969843596959984
0.9903071099371522,0.9967644010022506
0.9901424449045274,0.9971484370241603
0.9892264826239037,0.9973784592149256
0.9884913696369171,0.9970345576757107
0.989133164709944,0.9972566501461084
0.9877566751187475,0.9968276018459352
0.9901155251776176,0.9968372185016813
0.9879000090997568,0.996504609647524
0.9894625333504016,0.9968064042683281
0.9902462741497566,0.9971945161786772
0.9875433582545485,0.9972177132447064
0.9898743315733037,0.9972409392370264
0.9899444552186402,0.9972785415421194
0.9881618729474042,0.9972855139408272
0.9880899313062963,0.9976612415025566
0.990775949177548,0.9975450162583713
0.9896591984860451,0.99768450999094
0.9899027051643936,0.9979580764582755
0.9902336607441504,0.9978397562107325
0.9896130367062353,0.9971268611215804
0.9912078690418128,0.996449445497528
0.9883222294182451,0.9964873003795284
0.9881364896557732,0.9968570983783641
0.9879299685912976,0.9965135243949738
0.9898786296741472,0.9969289345089823
0.9858625839872902,0.999006668384078
0.9897009356541827,0.9986637167433025
0.9860473702514461,0.997846117285008
0.9861266981650358,0.9974517933529679
0.9891166006955812,0.9974803526400422
0.9878915169256924,0.9975331469378873
0.9868986599871848,0.9970916212726024
0.9862580535475827,0.9967865143769505
0.9877574970450211,0.9972699356551639
0.984793324319904,0.9971303931892194
0.9872986325044419,0.9970943475644906
0.9893361988635528,0.9971327638924083
0.9889708174809924,0.9974288811059496
0.9848582029998062,0.997020985629078
0.9864485356485873,0.99687775940992
0.9870003007188621,0.996870774930628
0.9861615097422132,0.9967168928866269
0.9858520506110675,0.9966387770323047
0.9830569201651581,0.9966277791316419
0.9916657295150765,0.9967487191046633
0.9894733903890525,0.9963548018554887
0.9879364130371276,0.9965839198295171
0.9859469575722463,0.9966727393769488
0.9899209170918237,0.9968210126750392
0.9892635304681213,0.9973194538676442
0.9873110754862152,0.9970576340126238
0.986147094314035,0.9966823656427725
0.9856200574728936,0.9968702519062604
0.9872816990337084,0.9970278824357626
0.988776291559176,0.9971348764448984
0.9859553747523606,0.9972693878850982
0.9896602808836593,0.9968568495191875
0.9871176265924176,0.9970867137641176
0.9853657798373632,0.9964261427092179
0.9865177023190312,0.9968696472475539
0.9893561006947831,0.996769273308848
0.9875190249227968,0.9969788503627027
0.9876638430046729,0.9973164396273091
0.9851044852179267,0.9972317970433812
0.9872168770316272,0.9970606248799029
0.9879591476405437,0.996906077142464
0.98528876400174,0.9967400077810393
0.9853725335203736,0.9970057379266337
0.9847099691478404,0.9968173914151539
0.9853101017091235,0.9969740306005415
0.9896691274519888,0.9991263872267635
0.9908221205756336,0.9982895472854889
0.9888377968185154,0.9983348878222112
0.9920347517407628,0.9978842645503022
0.9890301200797443,0.9975253335407347
0.9899324045400952,0.9972710410957811
0.9913183671451171,0.9968295338329592
0.9907090575472609,0.997228990334176
0.9854853417956546,0.9965943959283244
0.9884866287831573,0.9967752703387392
0.989641826883232,0.9972835008956848
0.9894019937936461,0.9973709180392156
0.9894069892048003,0.9970391723396304
0.9862379990374474,0.9971357050202156
0.990881693342828,0.9969801873933315
0.9915486690321904,0.9964524345385205
0.990286120461489,0.9965994076834238
0.9916338504030845,0.9965628987276712
0.9883225504050736,0.9963788820718624
0.991147595839637,0.996117186697689
0.9885406846891392,0.9962256345653951
0.9865397472730707,0.9963102413781024
0.9889714416510259,0.9965199342184216
0.9911792443609689,0.9965735354792957
0.9884707341886952,0.9967593422686478
0.9898139599873299,0.9963907755566016
0.988017800744648,0.9968367223628163
0.9892634916794129,0.9966362631840929
0.98988307389006,0.9974392615650962
0.9881220891595289,0.9972487372080991
0.9899314391106616,0.9963434082644629
0.9910660511669106,0.9968701270756738
0.9854043792198484,0.996439768298371
0.9877801923883027,0.9967225207176988
0.9898644375015652,0.9967926687545235
0.9883541053866819,0.9969054996916656
0.9867563886824848,0.99727699426723
0.9864926321825459,0.9971024151386827
0.984864215482267,0.9968017587989345
0.990331863062732,0.9969653083357553
0.9851421785030416,0.9970734514064896
0.987425267130874,0.9969318013998963
0.9869917100251993,0.9969385247190874
0.9894767394983538,0.9971543841361654
0.9897874374336184,0.9991798787856626
0.9897685709295079,0.998469036998192
0.990518068151797,0.9980056895277256
0.9886649472654802,0.9976882067294152
0.9907394783940937,0.9971499846341975
0.9888945408727405,0.9965040645868504
0.9903681407925986,0.9969224649451155
0.9855687055506739,0.9971124726323459
0.9885172588569142,0.997146454822816
0.9896165291695579,0.9969669104694019
0.9881640389458767,0.9976253931104798
0.9879582580385258,0.9968199463128672
0.9901625616521389,0.996888524109504
0.9881565125952586,0.9969881245217184
0.9916215632641552,0.9968406030162624
0.990392203961313,0.9972101810947785
0.9874178537364714,0.997162213905827
0.9910657423209923,0.9968725614246072
0.992096136353776,0.9967346856564993
0.9876943468007708,0.9969106157334261
0.9889838166343565,0.9968861727863059
0.9880348077012656,0.9966809933392359
0.99035199555866,0.9968759950547793
0.9884613362881752,0.9968256146350408
0.9899137452737936,0.9968295023059859
0.9867661792949299,0.996973730453306
0.9907726944275325,0.9973116383104882
0.9915721264077824,0.9977786821770445
0.9895900582556024,0.9979308342519773
0.9909332807037694,0.9968475197221078
0.990326633361072,0.9970713257000883
0.9874971900693424,0.9971205576207398
0.9863262128922163,0.9973738064158386
0.9897923701487715,0.997163775661885
0.9891923420745482,0.9972227678376429
0.9868548363877354,0.9975515725695978
0.9859413888430478,0.9973657554505776
0.9862866207660368,0.9971595265458248
0.9912401932706435,0.9969562166012669
0.989583164194188,0.996884830565314
0.9891880856817555,0.9969094229128688
0.9878419286107891,0.9967469742445907
0.9891893908254831,0.9970886493726349
0.9905197730470312,0.9986280063351821
0.9908544953321085,0.9981376823734257
0.9905889309137677,0.9978296705929869
0.9900345801139537,0.9972836558288223
0.9915258368704206,0.9960394439355763
0.9905268413342477,0.996761615747448
0.99049400794078,0.997081266179893
0.9874845732888545,0.9971241418478051
0.9889527502940736,0.9966504302075806
0.9898860149146682,0.9974211215419021
0.9881576727115047,0.9964382503235528
0.9889626441595993,0.9965323829669586
0.9888818177323853,0.9968132019869512
0.9911837602198513,0.9968668238054019
0.9925643772970943,0.9973789851458792
0.9915324697002611,0.9972415349725102
0.9893292547437208,0.9969306389409825
0.990456581805932,0.9967039470685645
0.9889680117126941,0.9967591821406333
0.9878096157183724,0.9966458491076458
0.9883167312705541,0.9964231381691504
0.988937663800156,0.9968506115266765
0.9868891675053784,0.9967507839427536
0.9893272707487312,0.9966893416129728
0.9861028279143682,0.9967626229257008
0.990221498859058,0.9970301902580134
0.9903057788827065,0.997558616398816
0.9899998787354634,0.9976802549236018
0.9908648059722851,0.9969434255685015
0.9907566905172909,0.9967821867316335
0.9874929048484696,0.9970189964792563
0.9882874480059491,0.9972703491796909
0.9908203558324552,0.9969774678027005
0.9890934604573354,0.9969760456285299
0.9874384097747002,0.9970999041529597
0.9861796452002326,0.9970230283223208
0.9872160035836192,0.9967920725906605
0.9904349089333688,0.9966116878260077
0.9857713750078068,0.9964943880570605
0.9876292431721808,0.9966472422540138
0.9884886586188638,0.996357223905864
0.9884299729957795,0.9967919879520007
0.9897417824116536,0.9992429148070301
0.9881723745606141,0.9984160237777053
0.9915411665835496,0.9978643102851849
0.9903872747193501,0.996566457090993
0.9905618850978738,0.9969886232110462
0.9874123510260867,0.9964739093059173
0.9865463160131709,0.9965240968017935
0.988695648664571,0.9968207941015933
0.9894069238499277,0.997100360741015
0.9890089955804726,0.9965968971797428
0.990427737338817,0.9967628439468904
0.9868041333759334,0.996525638007413
0.9906299440183935,0.9965415584432754
0.9898587497458022,0.9970682645176897
0.9897648368759672,0.9968376801140477
0.9900637458097763,0.996502333885228
0.9891781976352626,0.9964694692030195
0.9897226810260589,0.9961636646688936
0.9860120685262224,0.99609080649702
0.9861171319530591,0.9961530626939129
0.9912578970618816,0.9966942369792897
0.9859013074176051,0.9967326888570855
0.9892480480827103,0.9963129908665811
0.9843937427781758,0.9966538462279529
0.9884116078780194,0.9965432310228441
0.9897849222825981,0.9972550420947804
0.9907917027143988,0.9969823528674787
0.990007928713296,0.9964523921212786
0.988907294960462,0.996657291628774
0.9888036902288544,0.9965929144654015
0.9883304836331536,0.9966854866180868
0.9889276149724228,0.996594744307601
0.9908807146980666,0.9966406947338483
0.988373137189684,0.99695416897232
0.9873075021213171,0.9969304274493384
0.9855038202405518,0.9967336520906821
0.9915120520375053,0.9968482162293626
0.9874416011629313,0.9967575252593068
0.9896312783921728,0.9967420115799971
0.9870757012674916,0.9963956927556883
0.9900187649373563,0.9968609780982188
0.9895122428807293,0.9991079325793555
0.9922033510291325,0.9982173160872737
0.9909304619653505,0.9974272855009902
0.9919105631326186,0.9977470238239134
0.9873436446394622,0.9969841389524648
0.9904009325195167,0.9970994027854668
0.9916701540580448,0.9973256000472245
0.9920143047952305,0.9974953017764449
0.9906952962665856,0.9970600053752755
0.9894590759109844,0.99722426037584
0.9911224601356384,0.9966937807867491
0.9917941227416152,0.9970033487082971
0.9905798295852652,0.9969643752824772
0.99160468650939,0.996908797121691
0.9922947948648787,0.9968268102554234
0.9913105723587744,0.9967427941928902
0.9902950182543939,0.9966110793228493
0.9883483067207626,0.9965697935164786
0.9899185082760874,0.9966135915198334
0.9913762475728597,0.9971066199253432
0.988677951911427,0.9971813840688877
0.9897158408875475,0.9967588085257101
0.9875473247731215,0.9970210821491016
0.9900161600651984,0.9966863579799029
0.990287168713411,0.9971007111894196
0.9897152337035344,0.9971735198067808
0.9920650590461539,0.9968287771941005
0.9920419146864291,0.9968517022803712
0.9873642232356589,0.9965656474817876
0.9891675185186833,0.9966904146025256
0.9903901661345774,0.9967357226812142
0.9897216683295059,0.9968073998840317
0.990003429755376,0.9970756148706611
0.9877391620895143,0.9970067810870497
0.9869680033672361,0.9972781923970174
0.9916496804656864,0.9973150700316933
0.9856649467615086,0.9971677802866556
0.9892835034002254,0.9972206507116637
0.9877341336406092,0.9969771477041448
0.9896248216931981,0.9973783300548513
0.9880572519050764,0.9986322689943606
0.9891729665248371,0.9978530592380909
0.9894667700541174,0.9986347307425608
0.9885482707245715,0.9977172751774249
0.9860308467817335,0.9975097069170473
0.9874122642675166,0.9973845564942931
0.98824986249722,0.9975726044041248
0.9864483058759027,0.9972601112839816
0.9865738528930376,0.9972277520507696
0.9901222738913384,0.9972111748521942
0.9905191819831412,0.9972012766663043
0.9913632596367784,0.9970018898415441
0.98917531297264,0.9969696517621808
0.987685250847985,0.9970589428825761
0.9905368500166493,0.9968083605126037
0.987071173793843,0.9970584773014921
0.9846746123047224,0.9970664752994339
0.9878609232962077,0.9970493410628504
0.9886415336325974,0.9975718234628158
0.9886861004252153,0.9977639318574768
0.9871431112191954,0.9973452661161549
0.9856597853754692,0.9973067434372781
0.9885906013863075,0.9969445131837984
0.9884122610035174,0.9972851885447485
0.9874444239382216,0.9972087028319427
0.9919173746717375,0.9971399556400636
0.9892415334730232,0.996960920216017
0.9859709351051132,0.996708355621664
0.9835671397621057,0.9968818591153994
0.9887301887599789,0.9971104700798995
0.9869634815086877,0.9972039491879109
0.9870595764182457,0.9974172379273368
0.985395588873467,0.9972063907251699
0.9874496806039741,0.9973619998808234
0.9875418680677063,0.9972022329212515
0.984732883575955,0.9971605870581645
0.9861083020250896,0.9974837363263693
0.9880984978027039,0.9970608266415472
0.9887126161474304,0.9973262899241133
0.9905654561363036,0.9977645507159149
0.9925677979731827,0.998435242583911
0.9875256905715881,0.9981225728102093
0.9899784387777703,0.9972841714696207
0.9903133245204675,0.9967848117449136
0.9901473192934712,0.9969412917437059
0.9893489162831873,0.9962885562144093
0.9909905168842589,0.9966068506082307
0.9869979287415938,0.996824568318814
0.9917967314912157,0.9963685540040749
0.9909696501942687,0.9968587790237309
0.9911691835722372,0.9968535398116544
0.9913768238233815,0.9964711797388877
0.9906295180841386,0.9967245737608493
0.9910665021184237,0.9969950089295246
0.9883436840978318,0.9971503532903064
0.9877516546983837,0.9971353000564077
0.9900934306665693,0.997291655210052
0.9879916657675107,0.9967343541201523
0.9909299425276845,0.9963562113173352
0.9869997477072115,0.9963777082647014
0.9899363140664992,0.9960136754616531
0.9910331654273502,0.9968082497311423
0.9916244899791704,0.9964374529210143
0.9907708807017325,0.9972131884944131
0.9911956813627489,0.9968696420289427
0.9881437968409139,0.9973428401549133
0.989374247669834,0.9975611789058035
0.9885494170122672,0.9973693428553002
0.9901323956529917,0.9973338586778606
0.9882545748994735,0.9974626713661788
0.9874120301250083,0.9972381156201203
0.9864473177394053,0.9966396301246568
0.9921788744933018,0.9964529469158216
0.9885156277268335,0.9966163634760808
0.9893955864728936,0.9969758219388343
0.9884809972640881,0.9963704134149578
0.9892213198608032,0.9967723311339581
0.9904676355195215,0.998565488927004
0.9888923734259497,0.9974399427962268
0.9884528498758919,0.9976712725095463
0.9905437518342832,0.9979107327334454
0.9899012588841168,0.9964760912276328
0.9897314706153101,0.9973411150849267
0.9888462665417974,0.997443424543538
0.990311918053452,0.996831035364072
0.9907906278344002,0.9965591094682915
0.9912636060146578,0.9961647927400408
0.990925880342816,0.9961900847679945
0.9902689749762966,0.9964776297173465
0.9907961219115293,0.9956355405938359
0.9913898931790078,0.9958792842729747
0.9881526356279795,0.9960083965038509
0.9898346171962317,0.9960297456841242
0.9910780299877325,0.99627849716034
0.9894927338852895,0.9962983226095856
0.9902084333834269,0.9959825429615127
0.9872885696615138,0.9960630447399491
0.9886288375075046,0.9957320990928259
0.9916488026073133,0.9963751654067983
0.9901768744650502,0.9964862336852945
0.990910399029814,0.9966021444892158
0.9913405991936352,0.9958816555093793
0.9882242581106192,0.995648341852384
0.9881071347269784,0.995800219439088
0.9911090946802488,0.9958210372971624
0.9895989120090065,0.9958508847820136
0.989071240444004,0.9962853381938006
0.9877388634842313,0.9961137026137049
0.9880000232597059,0.9968057024951814
0.9910259695036467,0.9970601090532591
0.9874853855365385,0.9971511668031596
0.989810022153676,0.9973922207509002
0.9897337571866552,0.9970037247023893
0.990931253896616,0.9967840081651568
0.9871768409448931,0.9988621770288013
0.9908432564702399,0.998334371071464
0.9908896695421004,0.9979233613122931
0.990373500945289,0.9976290345816032
0.9902382387090467,0.9969875199971102
0.9896257347259309,0.9971357526891907
0.9906528395471328,0.9971353616776253
0.9927191991502664,0.9970973291632095
0.9907019903388647,0.9968044911649055
0.9906004147713192,0.9968918288328416
0.9913809059588182,0.9970781036081728
0.9922143662803591,0.9968513089863508
0.9892701840382062,0.9971423056494042
0.9871469611153548,0.9972387467335744
0.9888981360394624,0.997242859240648
0.9918171635318408,0.9974238661266502
0.9887482587556224,0.9974829460810114
0.9916652499600512,0.9971199800870899
0.9879038640221917,0.9970592201745171
0.9896405037388768,0.9966489919423811
0.9897779063911779,0.9971863171856522
0.989781214210952,0.9971218963342157
0.9917629962945846,0.9971950209441927
0.9912419607559642,0.9968308279166253
0.9899496300752394,0.9966288491221248
0.9879286889606919,0.9968482980902604
0.9891970664693641,0.9970104648888575
0.99039299364166,0.9969461311973892
0.9906972447252664,0.9972054905155192
0.9875525942729827,0.996834369185565
0.9868904855232034,0.9970206977871507
0.9920153436173144,0.9968232118750826
0.9865331439005864,0.9971561263818896
0.9889905640559244,0.9973578291969731
0.9878169248906824,0.9971412961871008
0.9897910785974291,0.9972101704397472
0.986442667195776,0.9989567590482624
0.9868012797144494,0.9975873255958541
0.9883416941390648,0.9980162468303924
0.9869917673543042,0.99658797361624
0.9880667720824744,0.996601327288092
0.9853492117636611,0.9967928114206056
0.9878112574331752,0.9971754868226301
0.9905258528308963,0.9973798766556714
0.9886360540221985,0.9973751515840019
0.9880478901595774,0.9973454437463704
0.9896773956559728,0.9973990359892706
0.9903764381509843,0.997699112571052
0.9889476746282369,0.9977243194135907
0.9883676235776272,0.9973767482416307
0.9858907405234087,0.9974296029490611
0.9870560428435513,0.9968093641850051
0.9890354810637232,0.9969226077731654
0.9847084025015027,0.9963696435529936
0.9876709232760323,0.9968175791393488
0.989126071174756,0.9967606819032413
0.9887286479982189,0.9972536415486358
0.9904640407010415,0.9975992647318233
0.9896652265089482,0.9970571174955093
0.9876688315192697,0.9973264813603699
0.9852853576030227,0.9974965937848956
0.9890987054169113,0.9973539546147024
0.9873396732474273,0.9972379372470637
0.9868403078010568,0.9974928658222615
0.9877591608141617,0.997051477050206
0.9880361379535617,0.9969427657156604
0.987804663140272,0.9962786063918551
0.9859342564146792,0.9965240144375828
0.9887292736535448,0.9968302610187352
0.989226906239636,0.9963940048259751
0.9875087377673346,0.9967705465549699
0.9903022383257511,0.9985738795484067
0.9915397235855562,0.9984326916832152
0.9910017179936164,0.9975518516363624
0.9872837018941463,0.9975142805325112
0.988229178972898,0.9974487251696728
0.9882959649029489,0.9977071831232085
0.9889860842828349,0.9976949002714297
0.9881034202826977,0.997634077166152
0.9890766123548601,0.9975809919231523
0.9899032967392865,0.9967097075199604
0.9891073047983608,0.9969842915446069
0.986822711566483,0.9970766446014282
0.9870649019777062,0.9967056490916406
0.9892927867402995,0.9970204161799121
0.9853885744670762,0.9968737547925176
0.9902839460946528,0.9969348225426632
0.9839899986711536,0.9963465043935528
0.9879266115101013,0.9967116215577091
0.9891451099208589,0.9967104048837548
0.9869515169600839,0.9972026968428883
0.9891553150905537,0.9971327306999781
0.9897332920780076,0.9965594521812536
0.9890420269133344,0.996638632180604
0.985497978225608,0.9968867408086525
0.9884924092141014,0.9968145169126141
0.9878535634696349,0.9968372353703188
0.9896547577061892,0.9971179774799303
0.9879407701762984,0.9968625233273296
0.9882353703202192,0.9971118918250796
0.9912715732887056,0.9969147085079004
0.9869181701389896,0.9970566138556259
0.988205526415838,0.9973466639880211
0.986932883553072,0.9968422839578086
0.9902643934646803,0.9970258159327628
0.9907535102839087,0.9986585667534115
0.9911482656380391,0.9988596509380893
0.9895537978293234,0.9986394372774323
0.9886012546436922,0.99753479219424
0.9887184451756781,0.9970627487449863
0.9889620711215868,0.9969639462389432
0.987825542012288,0.9968824171074906
0.9910680705732504,0.9969162440914134
0.9903550268398033,0.9959424592545196
0.9912666841289136,0.9962023355886211
0.9895282244007042,0.9962269237161014
0.989055758604305,0.996307501891422
0.9909918289790192,0.9967598718701072
0.9875034216436099,0.9970770823324664
0.9889118435310749,0.9965774844873928
0.9856205679181208,0.99684620310752
0.9884764202210605,0.996479793224542
0.990879669065304,0.9967429790544707
0.987677299556465,0.9968744366458989
0.9902726359340785,0.9963662289817117
0.9894441771387955,0.9960228707249985
0.9865898614308226,0.9957721226131117
0.9868658627391058,0.9959841544060789
0.990176444972156,0.9961616852754109
0.9876328617389225,0.9963016840417666
0.9886707873631699,0.9966229000915866
0.9871836853747945,0.9964835222792487
0.9858404566352365,0.9969062419800911
0.9914602698627626,0.9974089858146657
0.9876200278769945,0.9974374629847024
0.9888267846886921,0.9973438391265089
0.9858024699616813,0.9972406635955027
0.9895499935910504,0.9973377336574355
0.9906650921523759,0.9984312080542573
0.9885369444742602,0.9982187023201015
0.9884624019228958,0.9977851819908613
0.9893756165975872,0.9975315165541373
0.989616126995798,0.9971352310326494
0.9894351864728184,0.9970431915724013
0.9907242626728167,0.9970499334393472
0.9900251059599167,0.9966449707670446
0.990192948885051,0.9969374225534297
0.9873061194846494,0.9970169642198335
0.9889047492897971,0.9967904448153456
0.9910138663031217,0.9973101216395405
0.9856215733051872,0.9973296069392084
0.9907097528114245,0.9972479532113866
0.9845752369458132,0.9971765114781938
0.9881838905642798,0.9972560512289443
0.9890145593823408,0.9969281264053955
0.9869714264726335,0.9973842524925616
0.9907179472631266,0.9971060278027528
0.9903725277638856,0.9966259444324991
0.9908160626743465,0.9965494218623457
0.9887558161347054,0.9967146163016286
0.9898283816682598,0.9966836057866417
0.9894861157350316,0.9968244862244592
0.9909838312204952,0.9971561736850428
0.9875181094443912,0.9972128727958232
0.9893743735053581,0.9974245625901722
0.9908555441276482,0.9970971739252936
0.985289108243092,0.9972300818583815
0.9906318021919296,0.9970702134954879
0.9879364611897955,0.9968483971751312
0.9897052213818269,0.9970832147428675
0.9883577885122262,0.9993035041621672
0.9877630083919584,0.9981408204546672
0.9892511547344437,0.9973349899083843
0.989277294818657,0.9967788451162829
0.9885872804864659,0.9965218371197928
0.9896341584128928,0.9965900991458931
0.9895990548272308,0.9954231788412531
0.9902222668213037,0.9957445457204115
0.9886116788942153,0.9958493322846856
0.9886419934072344,0.9959362876410632
0.9906837513831427,0.9966493088764253
0.9865906878180438,0.9970774858803944
0.9907902496109389,0.9966133641159884
0.9849624451408594,0.9968490783046366
0.9849483090708195,0.9964064004247197
0.9892402403038869,0.9965109342232183
0.9856733376457997,0.9967531459268579
0.9897763790639138,0.9963703332987148
0.9900180478238227,0.9958719591260856
0.9882734004628211,0.9953499052863608
0.9858068547097707,0.9954052775180406
0.9886062051499811,0.995911567478027
0.9885669954793008,0.9961014900532813
0.990778894998352,0.9965233569452925
0.9901249355119964,0.9965024226484877
0.9876911781034832,0.9970420154115908
0.991024302464024,0.9974857346826733
0.9852120766699395,0.9973617169499795
0.9891484984929004,0.9973717970077942
0.9875239457777366,0.9969793691046082
0.9917260715131528,0.9969654625980529
0.9852511943045053,0.9985242187041565
0.9896451142250838,0.9977752016805715
0.9894342768886274,0.9973107010522275
0.9880448050509663,0.9970101019255032
0.9900026700104301,0.9967667700660382
0.988379678207985,0.9958823794438141
0.9899221938936416,0.9961841507591848
0.9887430492837683,0.9963574849886616
0.9858434531024945,0.9963881049232141
0.9880459618320748,0.9967577653567107
0.9857954812565458,0.9971363461174086
0.9880340664519075,0.9966790881269909
0.9857976015390056,0.9968735908608783
0.9894839624010077,0.9965105887420904
0.9906236209399022,0.9966628155554516
0.9895853222162637,0.9969978149337133
0.9897101765181188,0.9967115495753917
0.9882625464494994,0.996187993370771
0.9864906833519314,0.9959348294703652
0.986357947673084,0.995985566458748
0.9879769245692934,0.9960397540855804
0.9874350742922051,0.9961564653301263
0.9873196025444168,0.9965464561372605
0.9860695391450691,0.9963371159479769
0.9858893288026679,0.9968833994378704
0.9915482222087779,0.997419515984928
0.9879125268182432,0.9975297331256152
0.989081168759504,0.9975713987739483
0.9871480341784185,0.9972363993657437
0.9876449795745843,0.9973504895441315
0.9900112727095448,0.9983097556856915
0.9891197922274736,0.9980229247407952
0.9891700490339682,0.9979219674933472
0.9884192827259872,0.9973720062632573
0.9901524495623738,0.9961706152104952
0.9868401069248776,0.9965394030760125
0.9853654005684077,0.9966981666712791
0.9888221694753464,0.9967162804642656
0.991114025117249,0.997039799735973
0.9879810710187067,0.9971060089287191
0.9880276873815828,0.9969126794232815
0.9867553367842926,0.9968755284337036
0.9876826937127696,0.9967814398266438
0.9879110665374435,0.9972865828522881
0.9843482010131226,0.9968432941552313
0.9892760236634984,0.9971620501869373
0.9902945667773072,0.9963413464678161
0.9858323554090233,0.9969399371558234
0.9847394002725811,0.9970655378995896
0.9896020159551072,0.9967711616799305
0.9879195443902125,0.9969121082827773
0.989540502798434,0.9970710934328268
0.9866287385929897,0.9967227105431968
0.9873947301028093,0.996578075656231
0.9880054422872128,0.9967725987604915
0.9811966670173344,0.9969089886895459
0.9872449389740845,0.9971707515591804
0.986214574129982,0.9968064943097363
0.9882025088054067,0.9969430122190241
0.9921237308381181,0.9987716845217384
0.9918948957016285,0.9985846225104313
0.9902706685089336,0.9985015886600744
0.9928820750982023,0.9975062520972688
0.9887672552537744,0.9970914176023754
0.9871870342245556,0.9970180805751258
0.9883571429606104,0.9968943963362455
0.9910428330058874,0.9971270955891088
0.9892960019021388,0.9972834930670352
0.9917806191873104,0.9972914221712109
0.989380194281393,0.9968772974360978
0.990695034368401,0.997130790973341
0.9901746310975962,0.9968891132812515
0.991173948678839,0.9970721556004736
0.9917781273877363,0.9968305394398048
0.9907334604052273,0.9963540031568345
0.9888621471467859,0.996709643529384
0.9871073454015107,0.9967864784116077
0.9891285618769432,0.9965605585621977
0.9909432971673084,0.9964939943956016
0.988990401209549,0.9967323944092643
0.9886492060476522,0.996315356898063
0.9865401485817038,0.9966658637623592
0.9911778835471741,0.9965548385442256
0.9873616023506706,0.9966842530622289
0.988516362509176,0.9970310199684238
0.9885985525560198,0.9966701251912995
0.9894972248393854,0.9969355790946836
0.9899785255012221,0.9993627913075325
0.9888393131215304,0.9987352561065418
0.9922659567952488,0.997844926759028
0.9903075984771107,0.9972882957443213
0.9878071604879168,0.996715301311826
0.9898466684458516,0.9966546301480371
0.9901071198114394,0.9969427119037064
0.9904454700238584,0.996677145430463
0.9918170795342394,0.9967621178308873
0.9860730002667975,0.9963702769798176
0.9907936036798963,0.9968934462864724
0.9909249392684724,0.9970099067450461
0.9912027908885581,0.9968919566790305
0.9926978399085304,0.9967459859454583
0.9913711556681823,0.9965403117273864
0.9880550036675039,0.9972548721860883
0.9857151959486988,0.9973038127623263
0.9891047618004413,0.9969108780089891
0.9887696246316464,0.9968022242516567
0.9874531809906778,0.9968446245797037
0.987501345267133,0.9965129318682762
0.9870547492608458,0.9960978871481091
0.9896855670240184,0.9963801723742624
0.9883404080002803,0.9963416569299312
0.9895277484000594,0.9967528095181011
0.9908492725011087,0.9963016310052536
0.9901986632362765,0.996786323990132
0.9881142148275539,0.9990646936272967
0.9898756418359157,0.9981581219944805
0.9892505572213166,0.9978509411932418
0.9876722994754673,0.9972759109942758
0.9873322379524003,0.9969769975084568
0.9892711112130684,0.997120124207134
0.986064851230062,0.9968472495564648
0.9896937965918882,0.9968666716089027
0.9896222453182174,0.9965317492501371
0.9885569087613565,0.9969608210968813
0.9891580611547405,0.9971055288636473
0.9896035701403827,0.9970088837337661
0.9896222960968158,0.996808272258608
0.9909888247540695,0.9965230635132851
0.9881015199762817,0.9973287691683902
0.9878570263648088,0.9974446522016788
0.989896276493396,0.9971071354778271
0.9897165468585865,0.9970786784812595
0.9895651416454261,0.9971085106667836
0.9879667144198488,0.9967546282755537
0.9876653272929229,0.9963589980737279
0.9911462931784,0.9965001554214161
0.985383333157963,0.9965944177480589
0.9879597882186449,0.9970077702737038
0.986867920847958,0.9965559384389394
0.9899064623577869,0.9969078300880474
0.9913862042924195,0.9988930891696067
0.9911562191006522,0.9980854233588625
0.9906395944121722,0.9976862024449361
0.9915721752042072,0.9974152017617177
0.9913950727378252,0.9970615048493746
0.9897918370946541,0.9967486673145518
0.9899606850895952,0.996829055038131
0.9887828758550237,0.9966801944909512
0.9892937565509634,0.9969784121293952
0.9919757864323592,0.9970820812466679
0.9901997453272144,0.9972392652006515
0.992362519520442,0.9968328176737103
0.9915172593355358,0.996455602584148
0.9895037347945107,0.9967638655364643
0.9886557824365678,0.996976558768412
0.9912050240403438,0.9964093845015649
0.9908470643368728,0.9963661577012691
0.9911205359634112,0.9966505342325982
0.9890737822492621,0.996279872595
0.9886476930365788,0.9963162703474762
0.9914108725441517,0.9965644886269897
0.9879954512889002,0.9967185743009267
0.9899002510383984,0.996986499613654
0.98905262722281,0.9966424411418595
0.9886888974190758,0.9968805940878227
0.991447776173182,0.9990069254165952
0.9902872654536792,0.9984794138004034
0.9924730087111786,0.9980774147325144
0.9924243773719182,0.9971673955084739
0.9909720028759914,0.9962521946736111
0.9928978730496733,0.9963858575353945
0.988539581695757,0.996344290152659
0.9907170132605356,0.9967069712330054
0.9923651069645747,0.9968884718013472
0.9912685225508672,0.9971036918688579
0.9931003490374088,0.9968982852525085
0.9913819765731998,0.9966520198524808
0.9888750174043796,0.9972314714667913
0.9867919134793411,0.9973865376242415
0.9894935481349376,0.9964897201075642
0.9897782914794416,0.9963414735357486
0.9886086027010684,0.9965103206846536
0.9876031677070402,0.9960225290333843
0.9875130451695613,0.9959439344805661
0.9903386368761715,0.9956761403726598
0.9883524731896637,0.9960259140356574
0.9905670403951661,0.9962272556527888
0.989294779641168,0.9958319492226646
0.9896310793221869,0.9964614094762909
0.9904361738785907,0.999216902946649
0.9915437635224716,0.9988147409529213
0.990395927221664,0.9979451719180141
0.9891198059568179,0.997006661933304
0.9901954987048807,0.9968383469917984
0.9875782196558472,0.9966590178117618
0.9886970657689513,0.996944385995337
0.9912128902203132,0.9970775326597032
0.98913006265694,0.9971809480577543
0.9916605291299817,0.997179956399504
0.9905642862085661,0.9969378140742946
0.98794309012384,0.9974632957696723
0.9875619587171544,0.9976306265256301
0.9894567283791018,0.9969979970920996
0.9897959737382608,0.9968482614958724
0.9900487586100079,0.9968649838272141
0.9892091082277267,0.9964028228282488
0.9878388567897242,0.9963059551463124
0.9904500681005256,0.9961279134149642
0.9867277081606346,0.9964105144523496
0.9901207714796691,0.9967774811640291
0.988715855926367,0.9962802197382152
0.9899222080109624,0.996815600767096
0.9903616053064611,0.9991538901410851
0.9883328502697308,0.998342256105612
0.9861684318783532,0.9972489367836871
0.9900206523442476,0.9971996788537326
0.9859653338645608,0.9966483120791417
0.9864828869785491,0.9968569781121476
0.9910893585458205,0.9969885314905464
0.9881286769015191,0.9972713251459726
0.98879767358208,0.9974215265505209
0.9894690648048454,0.9971082086689911
0.9869799786314493,0.9975134338443244
0.9875272594761145,0.9977872430980615
0.9896270794808861,0.9971464445887128
0.9880121067742796,0.9969542781646947
0.9876686976367395,0.9970806642498911
0.9867883487237984,0.9967041570130045
0.9875141049253603,0.9964709285755146
0.9899149130426371,0.9958796396904026
0.9882109227085604,0.996436806402294
0.9896201657449872,0.9966207900699584
0.9862075890726174,0.9961117562822448
0.9870074996655317,0.9966368569456893
0.9907469776992304,0.9988272300796435
0.9909255270581123,0.997823637232371
0.9903190292774819,0.9972851075357987
0.9894821626324419,0.9971980354338125
0.9878477353151761,0.9967012081175587
0.991829606525988,0.9971245427050435
0.9885179659177624,0.9970288701384402
0.9916490894110112,0.9971324391692477
0.9897253790659952,0.9968814477693587
0.9867510774609408,0.9972007312131773
0.9863710162913368,0.9973222979133928
0.9905237384801491,0.9967486312309071
0.9892418012547571,0.9964919579594381
0.9894572022681932,0.9966898862738071
0.9877053476820243,0.9962271130856608
0.9870449604393562,0.9960825877582041
0.9880065020332622,0.9961289271223814
0.9861267655611502,0.9966344610197206
0.9882778313170169,0.9968174198757194
0.9886772902295946,0.9963214385991763
0.9886464914867265,0.9968024824303536
0.9878942565253639,0.9989514974214864
0.9913556868342016,0.9983026155728314
0.9873661040433495,0.9978121507346989
0.988164174265835,0.997500025160692
0.9906258369397049,0.9972284310600387
0.9885703244281475,0.9970959741300894
0.9916370609667917,0.997537934694716
0.9903372133579776,0.997298695760636
0.9902608060210996,0.9972977704614228
0.9875705173745594,0.9973691440736088
0.9900295527714186,0.9970139954321146
0.9902518038298328,0.9969422480632016
0.989552858642972,0.9968955571338901
0.9861777692820061,0.9968446046454592
0.9877183334551917,0.9966259839277432
0.9902259447934952,0.9964264145945784
0.985627044596982,0.9968211881036275
0.9909273085962664,0.9971592422550268
0.9869684678451796,0.9965402574194083
0.9911685147562803,0.9966764131945027
0.989352441496364,0.999169713733987
0.9878951564237645,0.9986943534866746
0.9886755458812878,0.9980901328905148
0.9902307906646108,0.9976913727543085
0.9888847217502679,0.9973531487347597
0.9905908648507316,0.9968184946709123
0.9899460759403564,0.9968614509453354
0.9849357659088755,0.9966260248290216
0.9837297507569625,0.9966921740260721
0.9885448421710092,0.997004391142383
0.988260433575106,0.9969657780556844
0.986667046248992,0.9969471727213027
0.9889026253996727,0.99664858056488
0.9860298354369312,0.996799109580734
0.9880992591578112,0.9967222478240336
0.9878153624870685,0.9968800638861992
0.9875266892192784,0.9973413323479405
0.9909825119472488,0.9970128648278733
0.9874681839113088,0.9972275814933469
0.9873698866209821,0.99882632807616
0.9894025874055837,0.9986132353722469
0.9908965878400032,0.9977276718295828
0.9904509751201129,0.9975346761560211
0.9916340934286707,0.9973345208119904
0.9917535161955283,0.9972943256153441
0.9906873972152109,0.9970198553354879
0.9865086679318295,0.9970726579659916
0.9884996251398925,0.9972746983758083
0.9903962093160968,0.9972124942043614
0.9890390559319258,0.9972064647255352
0.9887249827022134,0.9969818892081032
0.9881447356013722,0.996822624853104
0.9914275450933342,0.996375688746958
0.9879149424189938,0.9966188918972829
0.9921655420378832,0.9969896658182468
0.9889172131840404,0.9966412453663273
0.9902340050834659,0.9968223391815616
0.9870757197213618,0.998895662002508
0.9894882964961184,0.998509557422868
0.9874625239679728,0.9979632486033938
0.9886283764465347,0.9966091738166376
0.9870191958076918,0.9966903592328336
0.9847400460101251,0.9962396724838899
0.9837293737880872,0.9963043639380339
0.9886282279193456,0.9965632517507904
0.9879037038463626,0.9965807016379024
0.9885992689863697,0.9968130364009132
0.9871093362609186,0.9966510453432256
0.9861785093728016,0.9967406193928952
0.9885062484463792,0.9971173542934221
0.9858995536442327,0.9973207809521373
0.9831013728128681,0.9973109028712258
0.9852863921539523,0.9971181484481971
0.9868207900796958,0.9971769902738705
0.9914855338264215,0.998560489783168
0.9905691380385928,0.9984153714714284
0.9903449474552275,0.996953615412612
0.9898742875447843,0.9971194568430963
0.9868630482678221,0.9968925694683475
0.9859604579524616,0.9969911045756116
0.9884891542981193,0.996809743201979
0.9880895304222552,0.9968369682828024
0.9869978072073268,0.9969945098918813
0.9860272873315216,0.9969407455694792
0.9842117141019328,0.9969265147881757
0.9899361770349666,0.9967375125306813
0.9879878997679123,0.9968755522927216
0.9882173972147751,0.9970829131506008
0.9886367661126508,0.9967755991690592
0.988214478316499,0.996839568470248
0.9919073798940988,0.9988955253382912
0.9915892968702285,0.9966176456616981
0.9903189147113386,0.9966799700319737
0.9883442071852832,0.9970534192077379
0.987112585366764,0.9971818701206113
0.9912880874864979,0.9968969869893392
0.9890738396892867,0.9968351600792019
0.9881188454849064,0.9971959582711608
0.9884377267180301,0.9968414727471978
0.9870159799818403,0.9964391883224014
0.9913018273259315,0.9968345652925491
0.9906521865934771,0.9969737045389347
0.98986454819764,0.9971481105595296
0.9896813504631106,0.9970451307222872
0.9897153114970941,0.9971237609900233
0.990903118328027,0.9970513912664457
0.989449078533449,0.9968147025307152
0.9872642982885184,0.9966860156839868
0.9876128441717904,0.9968393399780228
0.9884273147040458,0.9966408558610883
0.989287620068084,0.9965594362196064
0.9853241478636153,0.9970214979699058
0.9872197419037608,0.9967086664452297
0.9838479151461088,0.9972597343267203
0.9908336831743456,0.9971916330652456
0.991041226620652,0.9973950956506382
0.9878768395557187,0.9975204265526264
0.9882420454545928,0.9972919381660544
0.9869980281405907,0.9971993203581971
0.9917317205773971,0.9986623490079112
0.9894218958637944,0.9983117222328467
0.9864408838482016,0.9982110396626959
0.9895060396449363,0.9973395754741433
0.9899788292245671,0.9969683065356916
0.9893212661831536,0.9971986683276851
0.9879932420224001,0.9971067986600387
0.9880438312800112,0.9969517390163822
0.9903304988917032,0.9963149622421805
0.9879985282677458,0.9966359508323741
0.9902843233323176,0.9968838012651164
0.9903851502609132,0.9963635311731389
0.9904250827476387,0.996254519007128
0.9902479441173789,0.9984345158051736
0.9882738134668493,0.9982370072283765
0.9914108133105696,0.9979195236611336
0.9898306274803533,0.9974673718414594
0.9904708067137428,0.9973883291581719
0.9886739140311444,0.9973050936754522
0.9901630376589416,0.9967062365737567
0.9916390695314643,0.9960436431638737
0.9866226540451261,0.9961622258234416
0.9917076020965192,0.9965479309462288
0.9921096819045325,0.9960817707728566
0.9905078205448963,0.9961927978862535
0.9856793070485613,0.9993903951878147
0.9884982600369875,0.998540309172663
0.9894801588064978,0.9980185149204238
0.9909203447462412,0.9976816785952504
0.9857172964531437,0.9969550997893489
0.989738915590308,0.9962428868851104
0.989544994483408,0.9956052013404333
0.985401258304964,0.9958627857883414
0.9904999157351208,0.9961040285667354
0.9879634315666684,0.9958060306920627
0.9901347831961719,0.996270493597152
0.9904918012918581,0.9989892059772112
0.9905821765096979,0.9985023631737001
0.9869902480406685,0.9981424182703085
0.9860227491471296,0.9975316663789816
0.9850991631185928,0.9963863241860887
0.9894666211047521,0.9956135274194675
0.9839865093266392,0.9958755394594077
0.9856784656987279,0.9961781351111048
0.9834817938785936,0.9958913825691128
0.9853237919457662,0.9964442291506936
0.9912019471133411,0.999457680700564
0.9900802600196534,0.9987980706995448
0.9891018359907842,0.9982111913160703
0.9902534142291364,0.9971957749494937
0.9909930033611248,0.9961462776099927
0.9880756772129005,0.9961086726557361
0.9884449753323171,0.9964339939511282
0.9886604474894477,0.9961009426665037
0.9906647209118413,0.9966254074651082
0.9912109668942094,0.9992496110490798
0.990463621129424,0.9987093185935912
0.9877779304311277,0.9977397572688905
0.9906180445888663,0.9965225713498252
0.9871601951577929,0.996138171309136
0.9887201220073528,0.9964860044441362
0.9869255893289213,0.9960931792913138
0.9895118337561208,0.9964757516495903
0.9902679281531059,0.999338357677816
0.9912458265691056,0.9983375951234552
0.9908106467082147,0.9970608855887613
0.983509955268776,0.9968308287907891
0.9883533922448208,0.9968224358444192
0.9872538012740293,0.996515799306736
0.9908669009029818,0.9969090455725298
0.9880971742542266,0.9988006291876451
0.989929620011317,0.9974567076221585
0.9862637810950001,0.9971755293433747
0.9859539898336496,0.9969634798028904
0.9881883727477955,0.9962271213469424
0.9884588047809584,0.9963714182839166
0.9887834326140713,0.9985395375056612
0.9843137816240458,0.9980785913851266
0.9886317780905731,0.9978312035334224
0.9893365665977562,0.9971713916952151
0.9889305682772312,0.9965998177906218
0.9901136124231869,0.9992118715613956
0.9899349133225313,0.9988459388229328
0.9890704179506624,0.998398013177732
0.9913822745852146,0.9975927641607022
0.9860554617871768,0.999139353145003
0.9875574097835452,0.9986743873884634
0.9885432749133133,0.9979156442683816
0.9895918443738682,0.9990762814601094
0.9894076449946544,0.9984627785441429
0.9896800137125059,0.9988517597753603
